m_airrsgtc	dims_op_pl_eoweb1_XXXXB00000000295446012384	R355635,R355638
m_airrsgtc	dims_op_pl_eoweb1_XXXXB00000000295446012386	R354885,R355663,R355666
m_airrsgtc	dims_op_pl_eoweb1_XXXXB00000000295446012388	R355634,R355637,R355638
m_airrsgtc	dims_op_pl_eoweb1_XXXXB00000000295446012382	R355638,R355662
m_airrsgtc	dims_op_pl_eoweb1_XXXXB00000000295446012406	R357082,R357085,R357160,R357163
m_airrsgtc	dims_op_pl_eoweb1_XXXXB00000000295446012398	R357160,R357161,R357163,R357164
m_airrsgtc	dims_op_pl_eoweb1_XXXXB00000000295446012402	R354888,R357222
m_airrsgtc	dims_op_pl_eoweb1_XXXXB00000000295446012400	R355638,R355662
m_airrsgtc	dims_op_pl_eoweb1_XXXXB00000000295446012410	R355637,R355661
m_airrsgtc	dims_op_pl_eoweb1_XXXXB00000000295446012404	R357160,R357161,R357163,R357164
m_airrsgtc	dims_op_pl_eoweb1_XXXXB00000000295446012392	R355660,R355661
m_airrsgtc	dims_op_pl_eoweb1_XXXXB00000000295446012396	R355660,R355661
m_airrsgtc	dims_op_pl_eoweb1_XXXXB00000000295446012416	R357160,R357161,R357163,R357164
m_airrsgtc	dims_op_pl_eoweb1_XXXXB00000000295446012394	R355660,R355663
m_airrsgtc	dims_op_pl_eoweb1_XXXXB00000000295446012414	R357082,R357085,R357160,R357163
m_airrsgtc	dims_op_pl_eoweb1_XXXXB00000000295446012412	R357160,R357163
m_airrsgtc	dims_op_pl_eoweb1_XXXXB00000000295446012426	R357085,R357088,R357163,R357166
m_airrsgtc	dims_op_pl_eoweb1_XXXXB00000000295446012428	R357164,R357167
m_airrsgtc	dims_op_pl_eoweb1_XXXXB00000000295446012408	R357082,R357085,R357160,R357163
m_airrsgtc	dims_op_pl_eoweb1_XXXXB00000000295446012422	R357083,R357084
m_airrsgtc	dims_op_pl_eoweb1_XXXXB00000000295446012441	R354888,R357222
m_airrsgtc	dims_op_pl_eoweb1_XXXXB00000000295446012418	R357160,R357161,R357163,R357164
m_airrsgtc	dims_op_pl_eoweb1_XXXXB00000000295446012424	R357084
m_airrsgtc	dims_op_pl_eoweb1_XXXXB00000000295446012420	R357163,R357166,R357167
m_airrsgtc	dims_op_pl_eoweb1_XXXXB00000000295446012444	R354888
m_airrsgtc	dims_op_pl_eoweb1_XXXXB00000000295446012434	R357160,R357161,R357163,R357164
m_airrsgtc	dims_op_pl_eoweb1_XXXXB00000000295446012440	R357085,R357088,R357163,R357166
m_airrsgtc	dims_op_pl_eoweb1_XXXXB00000000295446012450	R357160,R357163
m_airrsgtc	dims_op_pl_eoweb1_XXXXB00000000295446012432	R357160,R357161,R357163,R357164
m_airrsgtc	dims_op_pl_eoweb1_XXXXB00000000295446012452	R357082,R357085,R357160,R357163
m_airrsgtc	dims_op_pl_eoweb1_XXXXB00000000295446012436	R354888
m_airrsgtc	dims_op_pl_eoweb1_XXXXB00000000295446012430	R354885,R354888,R355663,R355666
m_airrsgtc	dims_op_pl_eoweb1_XXXXB00000000295446012454	R357083,R357084
m_airrsgtc	dims_op_pl_eoweb1_XXXXB00000000295446012456	R357083,R357084
m_airrsgtc	dims_op_pl_eoweb1_XXXXB00000000295446012438	R354885,R354888,R355663,R355666
m_airrsgtc	dims_op_pl_eoweb1_XXXXB00000000295446012446	R357084,R357085
m_airrsgtc	dims_op_pl_eoweb1_XXXXB00000000295446012458	R357084
m_airrsgtc	dims_op_pl_eoweb1_XXXXB00000000295446012480	R357164
m_airrsgtc	dims_op_pl_eoweb1_XXXXB00000000295446012460	R354885,R354888,R355663,R355666
m_airrsgtc	dims_op_pl_eoweb1_XXXXB00000000295446012466	R355635,R355638,R355646
m_airrsgtc	dims_op_pl_eoweb1_XXXXB00000000295446012448	R357084,R357085
m_airrsgtc	dims_op_pl_eoweb1_XXXXB00000000295446012472	R357085,R357088,R357163
m_airrsgtc	dims_op_pl_eoweb1_XXXXB00000000295446012464	R357163,R357166,R357167
m_airrsgtc	dims_op_pl_eoweb1_XXXXB00000000295446012462	R357164,R357167
m_airrsgtc	dims_op_pl_eoweb1_XXXXB00000000295446012468	R354885,R354888,R355663,R355666
m_airrsgtc	dims_op_pl_eoweb1_XXXXB00000000295446012490	R357085,R357088,R357163,R357166
m_airrsgtc	dims_op_pl_eoweb1_XXXXB00000000295446012488	R357084,R357085
m_airrsgtc	dims_op_pl_eoweb1_XXXXB00000000295446012492	R357085,R357088,R357163,R357166
m_airrsgtc	dims_op_pl_eoweb1_XXXXB00000000295446012498	R355660,R355663
m_airrsgtc	dims_op_pl_eoweb1_XXXXB00000000295446012470	R357083,R357084
m_airrsgtc	dims_op_pl_eoweb1_XXXXB00000000295446012478	R357085,R357088,R357163,R357166
m_airrsgtc	dims_op_pl_eoweb1_XXXXB00000000295446012494	R355635,R355638,R355646
m_airrsgtc	dims_op_pl_eoweb1_XXXXB00000000295446012500	R357163,R357166,R357167
m_airrsgtc	dims_op_pl_eoweb1_XXXXB00000000295446012476	R357085,R357088,R357163,R357166
m_airrsgtc	dims_op_pl_eoweb1_XXXXB00000000295446012474	R357163,R357166,R357167
m_airrsgtc	dims_op_pl_eoweb1_XXXXB00000000295446012510	R357160,R357161,R357163,R357164
m_airrsgtc	dims_op_pl_eoweb1_XXXXB00000000295446012486	R357085,R357088,R357163,R357166
m_airrsgtc	dims_op_pl_eoweb1_XXXXB00000000295446012506	R357163,R357166,R357167
m_airrsgtc	dims_op_pl_eoweb1_XXXXB00000000295446012484	R357084
m_airrsgtc	dims_op_pl_eoweb1_XXXXB00000000295446012482	R357084
m_airrsgtc	dims_op_pl_eoweb1_XXXXB00000000295446012508	R357160,R357161,R357163,R357164
m_airrsgtc	dims_op_pl_eoweb1_XXXXB00000000295446012496	R357084,R357085
m_airrsgtc	dims_op_pl_eoweb1_XXXXB00000000295446012504	R357164
m_airrsgtc	dims_op_pl_eoweb1_XXXXB00000000295446012520	R355660,R355661,R355663
m_airrsgtc	dims_op_pl_eoweb1_XXXXB00000000295446012502	R355660,R355661
m_airrsgtc	dims_op_pl_eoweb1_XXXXB00000000295446012512	R357160,R357161,R357163,R357164
m_airrsgtc	dims_op_pl_eoweb1_XXXXB00000000295446012516	R355660,R355663
m_airrsgtc	dims_op_pl_eoweb1_XXXXB00000000295446012514	R357160,R357163
m_airrsgtc	dims_op_pl_eoweb1_XXXXB00000000295446012522	R354848,R354856
m_airrsgtc	dims_op_pl_eoweb1_XXXXB00000000295446012518	R357085,R357088,R357163,R357166
m_airrsgtc	dims_op_pl_eoweb1_XXXXB00000000295446012524	R357160,R357161,R357163,R357164
m_airrsgtc	dims_op_pl_eoweb1_XXXXB00000000295446012527	R354850,R354853,R354854
m_airrsgtc	dims_op_pl_eoweb1_XXXXB00000000295446012535	R354850,R354851,R354853,R354854
m_airrsgtc	dims_op_pl_eoweb1_XXXXB00000000295446012529	R354853,R354856
m_airrsgtc	dims_op_pl_eoweb1_XXXXB00000000295446012531	N212012,Q010210
m_airrsgtc	dims_op_pl_eoweb1_XXXXB00000000295446012533	R354848,R354856
m_airrsgtc	dims_op_pl_eoweb1_XXXXB00000000295446012539	N212012,Q010210
m_airrsgtc	dims_op_pl_eoweb1_XXXXB00000000295446012537	R357082,R357085,R357160,R357163
m_airrsgtc	dims_op_pl_eoweb1_XXXXB00000000295446012543	R357164,R357167
m_airrsgtc	dims_op_pl_eoweb1_XXXXB00000000295446012541	R354853
m_airrsgtc	dims_op_pl_eoweb1_XXXXB00000000295446012545	R357160,R357161,R357163,R357164
m_airrsgtc	dims_op_pl_eoweb1_XXXXB00000000295446012549	R354848,R354856,R354872
m_airrsgtc	dims_op_pl_eoweb1_XXXXB00000000295446012547	R357160,R357163
m_airrsgtc	dims_op_pl_eoweb1_XXXXB00000000295446012551	R357160,R357161,R357163,R357164
m_airrsgtc	dims_op_pl_eoweb1_XXXXB00000000295446012553	R354853,R354856
m_airrsgtc	dims_op_pl_eoweb1_XXXXB00000000295446012555	R355637,R355661
m_airrsgtc	dims_op_pl_eoweb1_XXXXB00000000295446012557	R354850,R354851,R354853,R354854
m_airrsgtc	dims_op_pl_eoweb1_XXXXB00000000295446012563	R355660,R355661,R355663
m_airrsgtc	dims_op_pl_eoweb1_XXXXB00000000295446012559	R357085,R357088,R357163,R357166
m_airrsgtc	dims_op_pl_eoweb1_XXXXB00000000295446012561	R357163,R357166,R357167
m_airrsgtc	dims_op_pl_eoweb1_XXXXB00000000295446012571	R357084
m_airrsgtc	dims_op_pl_eoweb1_XXXXB00000000295446012565	R354848,R354856,R354872
m_airrsgtc	dims_op_pl_eoweb1_XXXXB00000000295446012577	N212011,N212012,Q010210,Q010211
m_airrsgtc	dims_op_pl_eoweb1_XXXXB00000000295446012579	N212011,N212012,Q010210,Q010211
m_airrsgtc	dims_op_pl_eoweb1_XXXXB00000000295446012583	N212012,Q010210
m_airrsgtc	dims_op_pl_eoweb1_XXXXB00000000295446012581	N212012,Q010210
m_airrsgtc	dims_op_pl_eoweb1_XXXXB00000000295446012573	N212012,Q010210
m_airrsgtc	dims_op_pl_eoweb1_XXXXB00000000295446012569	R355637,R355660,R355661
m_airrsgtc	dims_op_pl_eoweb1_XXXXB00000000295446012567	R354853
m_airrsgtc	dims_op_pl_eoweb1_XXXXB00000000295446012575	N212011,N212012,Q010210,Q010211
m_airrsgtc	dims_op_pl_eoweb1_XXXXB00000000295446012585	R354850,R354851,R354853,R354854
m_airrsgtc	dims_op_pl_eoweb1_XXXXB00000000295446012587	R355637,R355660,R355661
m_airrsgtc	dims_op_pl_eoweb1_XXXXB00000000295446012595	R357084,R357085
m_airrsgtc	dims_op_pl_eoweb1_XXXXB00000000295446012589	R355634,R355637,R355638
m_airrsgtc	dims_op_pl_eoweb1_XXXXB00000000295446012591	Q016327,Q016328
m_airrsgtc	dims_op_pl_eoweb1_XXXXB00000000295446012593	Q008257,Q008258,Q008281,Q008282
m_airrsgtc	dims_op_pl_eoweb1_XXXXB00000000295446012603	R354848,R354856,R354872
m_airrsgtc	dims_op_pl_eoweb1_XXXXB00000000295446012601	Q008258,Q008282,Q016036
m_airrsgtc	dims_op_pl_eoweb1_XXXXB00000000295446012605	R354853,R354856
m_airrsgtc	dims_op_pl_eoweb1_XXXXB00000000295446012597	Q016327,Q016328
m_airrsgtc	dims_op_pl_eoweb1_XXXXB00000000295446012599	Q016327,Q016328,Q016352
m_airrsgtc	dims_op_pl_eoweb1_XXXXB00000000295446012607	Q016327,Q016328,Q016351,Q016352
m_airrsgtc	dims_op_pl_eoweb1_XXXXB00000000295446012613	Q008257,Q008258,Q008281,Q008282
m_airrsgtc	dims_op_pl_eoweb1_XXXXB00000000295446012611	Q008258,Q008282,Q016036
m_airrsgtc	dims_op_pl_eoweb1_XXXXB00000000295446012609	Q008257,Q008258,Q008281,Q008282
m_airrsgtc	dims_op_pl_eoweb1_XXXXB00000000295446012621	Q008258,Q008282,Q016036
m_airrsgtc	dims_op_pl_eoweb1_XXXXB00000000295446012619	R354850,R354853
m_airrsgtc	dims_op_pl_eoweb1_XXXXB00000000295446012617	Q008258,Q008282,Q016036,Q016060
m_airrsgtc	dims_op_pl_eoweb1_XXXXB00000000295446012615	Q016327,Q016328,Q016352
m_airrsgtc	dims_op_pl_eoweb1_XXXXB00000000295446012625	Q016327,Q016328,Q016352
m_airrsgtc	dims_op_pl_eoweb1_XXXXB00000000295446012630	Q016327,Q016328,Q016352
m_airrsgtc	dims_op_pl_eoweb1_XXXXB00000000295446012623	Q016327,Q016328
m_airrsgtc	dims_op_pl_eoweb1_XXXXB00000000295446012633	Q016327,Q016328
m_airrsgtc	dims_op_pl_eoweb1_XXXXB00000000295446012629	Q008257,Q008258,Q008281,Q008282
m_airrsgtc	dims_op_pl_eoweb1_XXXXB00000000295446012627	Q016327,Q016328,Q016351,Q016352
m_airrsgtc	dims_op_pl_eoweb1_XXXXB00000000295446012635	Q008258,Q008282,Q016036
m_airrsgtc	dims_op_pl_eoweb1_XXXXB00000000295446012641	Q016327,Q016328
m_airrsgtc	dims_op_pl_eoweb1_XXXXB00000000295446012643	Q008258,Q008281,Q008282
m_airrsgtc	dims_op_pl_eoweb1_XXXXB00000000295446012653	Q008257,Q008258,Q008281,Q008282
m_airrsgtc	dims_op_pl_eoweb1_XXXXB00000000295446012639	Q016327,Q016328
m_airrsgtc	dims_op_pl_eoweb1_XXXXB00000000295446012637	Q016327,Q016328
m_airrsgtc	dims_op_pl_eoweb1_XXXXB00000000295446012645	Q008258,Q008282,Q016036,Q016060
m_airrsgtc	dims_op_pl_eoweb1_XXXXB00000000295446012651	Q008257,Q008258,Q008281,Q008282,Q016036,Q016060
m_airrsgtc	dims_op_pl_eoweb1_XXXXB00000000295446012662	Q016327,Q016328,Q016351,Q016352
m_airrsgtc	dims_op_pl_eoweb1_XXXXB00000000295446012661	Q008258,Q008282,Q016036
m_airrsgtc	dims_op_pl_eoweb1_XXXXB00000000295446012659	Q008257,Q008258,Q008281,Q008282
m_airrsgtc	dims_op_pl_eoweb1_XXXXB00000000295446012657	Q016327,Q016328,Q016351,Q016352
m_airrsgtc	dims_op_pl_eoweb1_XXXXB00000000295446012646	Q008258,Q008282,Q016036
m_airrsgtc	dims_op_pl_eoweb1_XXXXB00000000295446012649	Q008258,Q008281,Q008282
m_airrsgtc	dims_op_pl_eoweb1_XXXXB00000000295446012665	Q008257,Q008258,Q008281,Q008282
m_airrsgtc	dims_op_pl_eoweb1_XXXXB00000000295446012667	N232260,N232261,N232263,N232264
m_airrsgtc	dims_op_pl_eoweb1_XXXXB00000000295446012655	R357085,R357088,R357163,R357166
m_airrsgtc	dims_op_pl_eoweb1_XXXXB00000000295446012677	R357160,R357161,R357163,R357164
m_airrsgtc	dims_op_pl_eoweb1_XXXXB00000000295446012669	N232260,N232261,N232263,N232264
m_airrsgtc	dims_op_pl_eoweb1_XXXXB00000000295446012701	Q008258,Q008282,Q016036
m_airrsgtc	dims_op_pl_eoweb1_XXXXB00000000295446012671	N232260,N232261,N232263,N232264
m_airrsgtc	dims_op_pl_eoweb1_XXXXB00000000295446012681	Q008257,Q008258,Q008281,Q008282
m_airrsgtc	dims_op_pl_eoweb1_XXXXB00000000295446012679	N232260,N232261,N232263,N232264
m_airrsgtc	dims_op_pl_eoweb1_XXXXB00000000295446012696	N232261,N232263,N232264
m_airrsgtc	dims_op_pl_eoweb1_XXXXB00000000295446012699	N232260,N232261,N232263,N232264
m_airrsgtc	dims_op_pl_eoweb1_XXXXB00000000295446012695	N232260,N232261,N232263,N232264
m_airrsgtc	dims_op_pl_eoweb1_XXXXB00000000295446012675	N212011,N212012,Q010210,Q010211
m_airrsgtc	dims_op_pl_eoweb1_XXXXB00000000295446012693	Q016327,Q016328
m_airrsgtc	dims_op_pl_eoweb1_XXXXB00000000295446012691	N232260,N232261,N232263,N232264
m_airrsgtc	dims_op_pl_eoweb1_XXXXB00000000295446012689	Q008258,Q008282,Q016036,Q016060
m_airrsgtc	dims_op_pl_eoweb1_XXXXB00000000295446012687	N232261,N232263,N232264
m_airrsgtc	dims_op_pl_eoweb1_XXXXB00000000295446012683	N212011,N212012,Q010210,Q010211
m_airrsgtc	dims_op_pl_eoweb1_XXXXB00000000295446012715	N232261,N232263,N232264
m_airrsgtc	dims_op_pl_eoweb1_XXXXB00000000295446012703	N232260,N232261,N232263,N232264
m_airrsgtc	dims_op_pl_eoweb1_XXXXB00000000295446012684	N232260,N232261,N232263,N232264
m_airrsgtc	dims_op_pl_eoweb1_XXXXB00000000295446012721	Q008258,Q008282,Q016036
m_airrsgtc	dims_op_pl_eoweb1_XXXXB00000000295446012673	Q008258,Q008282,Q016036,Q016060
m_airrsgtc	dims_op_pl_eoweb1_XXXXB00000000295446012725	N232260,N232261,N232263,N232264
m_airrsgtc	dims_op_pl_eoweb1_XXXXB00000000295446012723	N232260,N232261,N232263,N232264
m_airrsgtc	dims_op_pl_eoweb1_XXXXB00000000295446012711	R357083,R357084
m_airrsgtc	dims_op_pl_eoweb1_XXXXB00000000295446012719	R354850,R354851,R354853,R354854
m_airrsgtc	dims_op_pl_eoweb1_XXXXB00000000295446012713	Q008257,Q008258,Q008281,Q008282
m_airrsgtc	dims_op_pl_eoweb1_XXXXB00000000295446012709	N232261,N232263,N232264
m_airrsgtc	dims_op_pl_eoweb1_XXXXB00000000295446012707	N232261,N232263,N232264
m_airrsgtc	dims_op_pl_eoweb1_XXXXB00000000295446012705	N232260,N232261,N232263,N232264
m_airrsgtc	dims_op_pl_eoweb1_XXXXB00000000295446012717	N232260,N232261,N232263,N232264
m_airrsgtc	dims_op_pl_eoweb1_XXXXB00000000295446012727	N232260,N232261,N232263,N232264
m_airrsgtc	dims_op_pl_eoweb1_XXXXB00000000295446012735	Q008258,Q008282,Q016036
m_airrsgtc	dims_op_pl_eoweb1_XXXXB00000000295446012731	N232260,N232261,N232263,N232264
m_airrsgtc	dims_op_pl_eoweb1_XXXXB00000000295446012729	N232260,N232261,N232263,N232264
m_airrsgtc	dims_op_pl_eoweb1_XXXXB00000000295446012733	N232260,N232261,N232263,N232264
m_airrsgtc	dims_op_pl_eoweb1_XXXXB00000000295446012745	Q008258,Q008282,Q016036
m_airrsgtc	dims_op_pl_eoweb1_XXXXB00000000295446012741	N232260,N232261,N232263,N232264
m_airrsgtc	dims_op_pl_eoweb1_XXXXB00000000295446012743	Q008258,Q008282,Q016036
m_airrsgtc	dims_op_pl_eoweb1_XXXXB00000000295446012739	N232260,N232261,N232263,N232264
m_airrsgtc	dims_op_pl_eoweb1_XXXXB00000000295446012737	N232260,N232261,N232263,N232264
m_airrsgtc	dims_op_pl_eoweb1_XXXXB00000000295446012747	Q008258,Q008282,Q016036
m_airrsgtc	dims_op_pl_eoweb1_XXXXB00000000295446012749	N232260,N232261,N232263,N232264
m_airrsgtc	dims_op_pl_eoweb1_XXXXB00000000295446012751	Q008258,Q008282,Q016036,Q016060
m_airrsgtc	dims_op_pl_eoweb1_XXXXB00000000295446012753	Q008258,Q008282,Q016036
m_airrsgtc	dims_op_pl_eoweb1_XXXXB00000000295446012763	N232260,N232261,N232263,N232264
m_airrsgtc	dims_op_pl_eoweb1_XXXXB00000000295446012761	N232260,N232261,N232263,N232264
m_airrsgtc	dims_op_pl_eoweb1_XXXXB00000000295446012755	N232260,N232261,N232263,N232264
m_airrsgtc	dims_op_pl_eoweb1_XXXXB00000000295446012779	N232260,N232261,N232263,N232264
m_airrsgtc	dims_op_pl_eoweb1_XXXXB00000000295446012757	Q008258,Q008282,Q016036,Q016060
m_airrsgtc	dims_op_pl_eoweb1_XXXXB00000000295446012759	Q008258,Q008282,Q016036
m_airrsgtc	dims_op_pl_eoweb1_XXXXB00000000295446012765	Q008258,Q008282,Q016036
m_airrsgtc	dims_op_pl_eoweb1_XXXXB00000000295446012767	N232260,N232261,N232263,N232264
m_airrsgtc	dims_op_pl_eoweb1_XXXXB00000000295446012774	N232260,N232261,N232263,N232264
m_airrsgtc	dims_op_pl_eoweb1_XXXXB00000000295446012773	N232260,N232261,N232263,N232264
m_airrsgtc	dims_op_pl_eoweb1_XXXXB00000000295446012783	N232260,N232261,N232263,N232264
m_airrsgtc	dims_op_pl_eoweb1_XXXXB00000000295446012785	N232260,N232261,N232263,N232264
m_airrsgtc	dims_op_pl_eoweb1_XXXXB00000000295446012769	N232260,N232261,N232263,N232264
m_airrsgtc	dims_op_pl_eoweb1_XXXXB00000000295446012777	Q008258,Q008282,Q016036,Q016060
m_airrsgtc	dims_op_pl_eoweb1_XXXXB00000000295446012781	N232260,N232261,N232263,N232264
m_airrsgtc	dims_op_pl_eoweb1_XXXXB00000000295446012787	N232260,N232261,N232263,N232264
m_airrsgtc	dims_op_pl_eoweb1_XXXXB00000000295446012797	N232260,N232261,N232263,N232264
m_airrsgtc	dims_op_pl_eoweb1_XXXXB00000000295446012793	N232260,N232261,N232263,N232264
m_airrsgtc	dims_op_pl_eoweb1_XXXXB00000000295446012771	N232260,N232261,N232263,N232264
m_airrsgtc	dims_op_pl_eoweb1_XXXXB00000000295446012795	Q008258,Q008282,Q016036,Q016060
m_airrsgtc	dims_op_pl_eoweb1_XXXXB00000000295446012791	N182127,N182128,N182151,N182152
m_airrsgtc	dims_op_pl_eoweb1_XXXXB00000000295446012789	N232261,N232263,N232264
m_airrsgtc	dims_op_pl_eoweb1_XXXXB00000000295446012799	N234535,N234543
m_airrsgtc	dims_op_pl_eoweb1_XXXXB00000000295446012803	N232260,N232261,N232263,N232264
m_airrsgtc	dims_op_pl_eoweb1_XXXXB00000000295446012801	N232260,N232261,N232263,N232264
m_airrsgtc	dims_op_pl_eoweb1_XXXXB00000000295446012817	N232261,N232263,N232264
m_airrsgtc	dims_op_pl_eoweb1_XXXXB00000000295446012814	N232260,N232261,N232263,N232264
m_airrsgtc	dims_op_pl_eoweb1_XXXXB00000000295446012809	N232261,N232263,N232264
m_airrsgtc	dims_op_pl_eoweb1_XXXXB00000000295446012810	N232260,N232261,N232263,N232264
m_airrsgtc	dims_op_pl_eoweb1_XXXXB00000000295446012827	N232260,N232261,N232263,N232264
m_airrsgtc	dims_op_pl_eoweb1_XXXXB00000000295446012813	N232260,N232261,N232263,N232264
m_airrsgtc	dims_op_pl_eoweb1_XXXXB00000000295446012829	N232260,N232261,N232263,N232264
m_airrsgtc	dims_op_pl_eoweb1_XXXXB00000000295446012807	N232261,N232263,N232264
m_airrsgtc	dims_op_pl_eoweb1_XXXXB00000000295446012825	N232260,N232261,N232263,N232264
m_airrsgtc	dims_op_pl_eoweb1_XXXXB00000000295446012831	N232260,N232261,N232263,N232264
m_airrsgtc	dims_op_pl_eoweb1_XXXXB00000000295446012823	N232260,N232261,N232263,N232264
m_airrsgtc	dims_op_pl_eoweb1_XXXXB00000000295446012805	N232260,N232261,N232263,N232264
m_airrsgtc	dims_op_pl_eoweb1_XXXXB00000000295446012819	Q008257,Q008258,Q008281,Q008282
m_airrsgtc	dims_op_pl_eoweb1_XXXXB00000000295446012841	N234535,N234543
m_airrsgtc	dims_op_pl_eoweb1_XXXXB00000000295446012839	N182127,N182128,N182151,N182152
m_airrsgtc	dims_op_pl_eoweb1_XXXXB00000000295446012837	N232260,N232261,N232263,N232264
m_airrsgtc	dims_op_pl_eoweb1_XXXXB00000000295446012833	N232260,N232261,N232263,N232264
m_airrsgtc	dims_op_pl_eoweb1_XXXXB00000000295446012835	N232260,N232261,N232263,N232264
m_airrsgtc	dims_op_pl_eoweb1_XXXXB00000000295446012821	N232261,N232263,N232264
m_airrsgtc	dims_op_pl_eoweb1_XXXXB00000000295446012843	N232260,N232261,N232263,N232264
m_airrsgtc	dims_op_pl_eoweb1_XXXXB00000000295446012855	N232260,N232261,N232263,N232264
m_airrsgtc	dims_op_pl_eoweb1_XXXXB00000000295446012849	N232260,N232261,N232263,N232264
m_airrsgtc	dims_op_pl_eoweb1_XXXXB00000000295446012847	N182127,N182128,N182151,N182152
m_airrsgtc	dims_op_pl_eoweb1_XXXXB00000000295446012851	N232260,N232261,N232263,N232264
m_airrsgtc	dims_op_pl_eoweb1_XXXXB00000000295446012853	N217528,N218306
m_airrsgtc	dims_op_pl_eoweb1_XXXXB00000000295446012857	N234535,N234543
m_airrsgtc	dims_op_pl_eoweb1_XXXXB00000000295446012879	N218301,N218303,N218304
m_airrsgtc	dims_op_pl_eoweb1_XXXXB00000000295446012869	N232261,N232263,N232264
m_airrsgtc	dims_op_pl_eoweb1_XXXXB00000000295446012845	N218301,N218302,N218304,N218305
m_airrsgtc	dims_op_pl_eoweb1_XXXXB00000000295446012871	N232260,N232261,N232263,N232264
m_airrsgtc	dims_op_pl_eoweb1_XXXXB00000000295446012867	N232261,N232263,N232264
m_airrsgtc	dims_op_pl_eoweb1_XXXXB00000000295446012877	N234535,N234543
m_airrsgtc	dims_op_pl_eoweb1_XXXXB00000000295446012863	N232260,N232261,N232263,N232264
m_airrsgtc	dims_op_pl_eoweb1_XXXXB00000000295446012865	N232260,N232261,N232263,N232264
m_airrsgtc	dims_op_pl_eoweb1_XXXXB00000000295446012881	N234535,N234543
m_airrsgtc	dims_op_pl_eoweb1_XXXXB00000000295446012875	Q008258,Q008282,Q016036
m_airrsgtc	dims_op_pl_eoweb1_XXXXB00000000295446012859	N232261,N232263,N232264
m_airrsgtc	dims_op_pl_eoweb1_XXXXB00000000295446012861	N232261,N232263,N232264
m_airrsgtc	dims_op_pl_eoweb1_XXXXB00000000295446012873	N232260,N232261,N232263,N232264
m_airrsgtc	dims_op_pl_eoweb1_XXXXB00000000295446012883	N182127,N182128,N182151,N182152
m_airrsgtc	dims_op_pl_eoweb1_XXXXB00000000295446012885	N218304,N218306,N218307
m_airrsgtc	dims_op_pl_eoweb1_XXXXB00000000295446012887	N234535,N234543
m_airrsgtc	dims_op_pl_eoweb1_XXXXB00000000295446012889	N232260,N232261,N232263,N232264
m_airrsgtc	dims_op_pl_eoweb1_XXXXB00000000295446012895	N218306,N218330
m_airrsgtc	dims_op_pl_eoweb1_XXXXB00000000295446012937	N182127,N182128,N182151,N182152
m_airrsgtc	dims_op_pl_eoweb1_XXXXB00000000295446012935	N182127,N182128,N182151,N182152
m_airrsgtc	dims_op_pl_eoweb1_XXXXB00000000295446012929	N182127,N182128,N182151,N182152
m_airrsgtc	dims_op_pl_eoweb1_XXXXB00000000295446012927	N182127,N182128,N182151,N182152
m_airrsgtc	dims_op_pl_eoweb1_XXXXB00000000295446012917	N182127,N182128,N182151,N182152
m_airrsgtc	dims_op_pl_eoweb1_XXXXB00000000295446012903	N182127,N182128,N182151,N182152
m_airrsgtc	dims_op_pl_eoweb1_XXXXB00000000295446012893	N234535,N234543
m_airrsgtc	dims_op_pl_eoweb1_XXXXB00000000295446012897	N232260,N232261,N232263,N232264
m_airrsgtc	dims_op_pl_eoweb1_XXXXB00000000295446012905	N234535,N234543
m_airrsgtc	dims_op_pl_eoweb1_XXXXB00000000295446012901	N182127,N182128,N182151,N182152
m_airrsgtc	dims_op_pl_eoweb1_XXXXB00000000295446012913	N182127,N182128,N182151,N182152
m_airrsgtc	dims_op_pl_eoweb1_XXXXB00000000295446012911	N234535,N234543
m_airrsgtc	dims_op_pl_eoweb1_XXXXB00000000295446012915	N234535,N234543
m_airrsgtc	dims_op_pl_eoweb1_XXXXB00000000295446012933	N182127,N182128,N182151,N182152
m_airrsgtc	dims_op_pl_eoweb1_XXXXB00000000295446012945	N182127,N182128,N182151,N182152
m_airrsgtc	dims_op_pl_eoweb1_XXXXB00000000295446012925	N232260,N232261,N232263,N232264
m_airrsgtc	dims_op_pl_eoweb1_XXXXB00000000295446012931	N218306,N218330
m_airrsgtc	dims_op_pl_eoweb1_XXXXB00000000295446012891	N232260,N232261,N232263,N232264
m_airrsgtc	dims_op_pl_eoweb1_XXXXB00000000295446012961	N182127,N182128,N182151,N182152
m_airrsgtc	dims_op_pl_eoweb1_XXXXB00000000295446012955	N218301,N218302,N218304,N218305
m_airrsgtc	dims_op_pl_eoweb1_XXXXB00000000295446012899	N182127,N182128,N182151,N182152
m_airrsgtc	dims_op_pl_eoweb1_XXXXB00000000295446012983	N182127,N182128,N182151,N182152
m_airrsgtc	dims_op_pl_eoweb1_XXXXB00000000295446012939	N217525,N217528,N218303,N218306
m_airrsgtc	dims_op_pl_eoweb1_XXXXB00000000295446012971	N218304,N218305,N218307
m_airrsgtc	dims_op_pl_eoweb1_XXXXB00000000295446012907	N218306,N218307,N218330
m_airrsgtc	dims_op_pl_eoweb1_XXXXB00000000295446012923	N232260,N232261,N232263,N232264
m_airrsgtc	dims_op_pl_eoweb1_XXXXB00000000295446012957	N234535,N234543
m_airrsgtc	dims_op_pl_eoweb1_XXXXB00000000295446012965	N218068,N218301,N218302
m_airrsgtc	dims_op_pl_eoweb1_XXXXB00000000295446012909	N182127,N182128,N182151,N182152
m_airrsgtc	dims_op_pl_eoweb1_XXXXB00000000295446012943	N182127,N182128,N182151,N182152
m_airrsgtc	dims_op_pl_eoweb1_XXXXB00000000295446012921	N182127,N182128,N182151,N182152
m_airrsgtc	dims_op_pl_eoweb1_XXXXB00000000295446012969	N218306,N218307,N218330
m_airrsgtc	dims_op_pl_eoweb1_XXXXB00000000295446012949	N234535,N234543
m_airrsgtc	dims_op_pl_eoweb1_XXXXB00000000295446012941	N182127,N182128,N182151,N182152
m_airrsgtc	dims_op_pl_eoweb1_XXXXB00000000295446012973	N218301,N218302,N218303,N218304
m_airrsgtc	dims_op_pl_eoweb1_XXXXB00000000295446012919	N182127,N182128,N182151,N182152
m_airrsgtc	dims_op_pl_eoweb1_XXXXB00000000295446012977	N232260,N232261,N232263,N232264
m_airrsgtc	dims_op_pl_eoweb1_XXXXB00000000295446012951	N234535,N234543
m_airrsgtc	dims_op_pl_eoweb1_XXXXB00000000295446012979	N182127,N182128,N182151,N182152
m_airrsgtc	dims_op_pl_eoweb1_XXXXB00000000295446012987	N182127,N182128,N182151,N182152
m_airrsgtc	dims_op_pl_eoweb1_XXXXB00000000295446012959	N234535,N234543
m_airrsgtc	dims_op_pl_eoweb1_XXXXB00000000295446012975	N182127,N182128,N182151,N182152
m_airrsgtc	dims_op_pl_eoweb1_XXXXB00000000295446012997	N182127,N182128,N182151,N182152
m_airrsgtc	dims_op_pl_eoweb1_XXXXB00000000295446012989	N232260,N232261,N232263,N232264
m_airrsgtc	dims_op_pl_eoweb1_XXXXB00000000295446012985	N232260,N232261,N232263,N232264
m_airrsgtc	dims_op_pl_eoweb1_XXXXB00000000295446013001	N182127,N182128,N182151,N182152
m_airrsgtc	dims_op_pl_eoweb1_XXXXB00000000295446012995	N182127,N182128,N182151,N182152
m_airrsgtc	dims_op_pl_eoweb1_XXXXB00000000295446012999	N182127,N182128,N182151,N182152
m_airrsgtc	dims_op_pl_eoweb1_XXXXB00000000295446012993	N182127,N182128,N182151,N182152
m_airrsgtc	dims_op_pl_eoweb1_XXXXB00000000295446012991	N232261,N232263,N232264
m_airrsgtc	dims_op_pl_eoweb1_XXXXB00000000295446013007	N182127,N182128,N182151,N182152
m_airrsgtc	dims_op_pl_eoweb1_XXXXB00000000295446013005	N232260,N232261,N232263,N232264
m_airrsgtc	dims_op_pl_eoweb1_XXXXB00000000295446013003	N218068,N218076,N218302
m_airrsgtc	dims_op_pl_eoweb1_XXXXB00000000295446013017	N182127,N182128,N182151,N182152
m_airrsgtc	dims_op_pl_eoweb1_XXXXB00000000295446013009	N234535,N234543
m_airrsgtc	dims_op_pl_eoweb1_XXXXB00000000295446013015	N182127,N182128,N182151,N182152
m_airrsgtc	dims_op_pl_eoweb1_XXXXB00000000295446013011	N234535,N234543
m_airrsgtc	dims_op_pl_eoweb1_XXXXB00000000295446013013	N217525,N217528,N218303,N218306
m_airrsgtc	dims_op_pl_eoweb1_XXXXB00000000297173949906	N217525,N218068,N218076,N218300,N218301,N218302,N218303
m_airrsgtc	dims_op_pl_eoweb1_XXXXB00000000297173949908	N218068,N218076,N218301,N218302,N218304,N218305
m_airrsgtc	dims_op_pl_eoweb1_XXXXB00000000297173949910	N217528,N218304,N218306,N218307,N218330
m_airrsgtc	dims_op_pl_eoweb1_XXXXB00000000297173949912	N217525,N218303,N218306,N218330
m_airrsgtc	dims_op_pl_eoweb1_XXXXB00000000297173949914	N217525,N218303,N218306,N218330
m_airrsgtc	dims_op_pl_eoweb1_XXXXB00000000297173949916	N217525,N218068,N218076,N218300,N218301,N218302,N218303
m_airrsgtc	dims_op_pl_eoweb1_XXXXB00000000297173949918	N218068,N218076
m_airrsgtc	dims_op_pl_eoweb1_XXXXB00000000297173949920	N218068,N218076
m_airrsgtc	dims_op_pl_eoweb1_XXXXB00000000297173949922	N216563,N216564
m_airrsgtc	dims_op_pl_eoweb1_XXXXB00000000297173949924	N216563,N216564
m_airrsgtc	dims_op_pl_eoweb1_XXXXB00000000297173949926	N218068,N218076
m_airrsgtc	dims_op_pl_eoweb1_XXXXB00000000297173949928	N216563,N216564
m_airrsgtc	dims_op_pl_eoweb1_XXXXB00000000297173949930	N218068,N218076
m_airrsgtc	dims_op_pl_eoweb1_XXXXB00000000297173949932	N216563,N216564
m_airrsgtc	dims_op_pl_eoweb1_XXXXB00000000297173949934	N216563,N216564
m_airrsgtc	dims_op_pl_eoweb1_XXXXB00000000297173949936	N218068,N218076,N218301,N218302,N218304,N218305
m_airrsgtc	dims_op_pl_eoweb1_XXXXB00000000297173949938	N217528,N218304,N218306,N218307,N218330
m_airrsgtc	dims_op_pl_eoweb1_XXXXB00000000297173949940	N216563,N216564
m_airrsgtc	dims_op_pl_eoweb1_XXXXB00000000297173949942	N214470,N214471,N214473,N214474
m_airrsgtc	dims_op_pl_eoweb1_XXXXB00000000297173949944	N214470,N214471,N214473,N214474
m_airrsgtc	dims_op_pl_eoweb1_XXXXB00000000297173949946	N214470,N214471,N214473,N214474
m_airrsgtc	dims_op_pl_eoweb1_XXXXB00000000297173949948	N214470,N214471,N214473,N214474
m_airrsgtc	dims_op_pl_eoweb1_XXXXB00000000297173949950	N214470,N214471,N214473,N214474
m_airrsgtc	dims_op_pl_eoweb1_XXXXB00000000302959859278	N214470,N214471,N214473,N214474
m_airrsgtc	dims_op_pl_eoweb1_XXXXB00000000302959859280	N214470,N214471,N214473,N214474
m_airrsgtc	dims_op_pl_eoweb1_XXXXB00000000302959859284	N214470,N214471,N214473,N214474
m_airrsgtc	dims_op_pl_eoweb1_XXXXB00000000302959859286	N214470,N214471,N214473,N214474
m_airrsgtc	dims_op_pl_eoweb1_XXXXB00000000302959859288	N214470,N214471,N214473,N214474
m_airrsgtc	dims_op_pl_eoweb1_XXXXB00000000302959859290	N214473,N214474
m_airrsgtc	dims_op_pl_eoweb1_XXXXB00000000302959859296	N214470,N214471,N214473,N214474
m_airrsgtc	dims_op_pl_eoweb1_XXXXB00000000302959859298	N214470,N214471,N214473,N214474
m_airrsgtc	dims_op_pl_eoweb1_XXXXB00000000302959859300	N214470,N214471,N214473,N214474
m_airrsgtc	dims_op_pl_eoweb1_XXXXB00000000302959859302	N214470,N214471,N214473,N214474
m_airrsgtc	dims_op_pl_eoweb1_XXXXB00000000302959859304	N216563,N216564
m_airrsgtc	dims_op_pl_eoweb1_XXXXB00000000302959859306	N214470,N214471,N214473,N214474
m_airrsgtc	dims_op_pl_eoweb1_XXXXB00000000302959859308	N216563,N216564
m_airrsgtc	dims_op_pl_eoweb1_XXXXB00000000302959859310	N214470,N214471,N214473,N214474
m_airrsgtc	dims_op_pl_eoweb1_XXXXB00000000302959859312	N214470,N214471,N214473,N214474
m_airrsgtc	dims_op_pl_eoweb1_XXXXB00000000302959859314	N216563,N216564
m_airrsgtc	dims_op_pl_eoweb1_XXXXB00000000302959859316	N214470,N214471,N214473,N214474
m_airrsgtc	dims_op_pl_eoweb1_XXXXB00000000302959859318	N214470,N214471,N214473,N214474
m_airrsgtc	dims_op_pl_eoweb1_XXXXB00000000302959859320	N214470,N214471,N214473,N214474
m_airrsgtc	dims_op_pl_eoweb1_XXXXB00000000302959859322	N216563,N216564
m_airrsgtc	dims_op_pl_eoweb1_XXXXB00000000302959859324	N216563,N216564,N216566
m_airrsgtc	dims_op_pl_eoweb1_XXXXB00000000302959859326	N216563,N216564
m_airrsgtc	dims_op_pl_eoweb1_XXXXB00000000302959859328	N232260,N232261,N232263,N232264
m_airrsgtc	dims_op_pl_eoweb1_XXXXB00000000302959859330	N232260,N232261,N232263,N232264
m_airrsgtc	dims_op_pl_eoweb1_XXXXB00000000302959859332	N232238,N232261,N232262,N232263,N232264
m_airrsgtc	dims_op_pl_eoweb1_XXXXB00000000302959859334	N232238,N232261,N232262,N232263,N232264
m_airrsgtc	dims_op_pl_eoweb1_XXXXB00000000334305745089	N214470,N214471,N214473,N214474
m_airrsgtc	dims_op_pl_eoweb1_XXXXB00000000334305745305	N216563,N216564
m_airrsgtc	dims_op_pl_eoweb1_XXXXB00000000334305745307	N214470,N214471,N214473,N214474
m_airrsgtc	dims_op_pl_eoweb1_XXXXB00000000334305745309	N216563,N216564,N216566,N216567
m_airrsgtc	dims_op_pl_eoweb1_XXXXB00000000334305745311	N216563,N216564
m_airrsgtc	dims_op_pl_eoweb1_XXXXB00000000334305745313	N214473,N214474
m_airrsgtc	dims_op_pl_eoweb1_XXXXB00000000334305745315	N214471,N214473,N214474
m_airrsgtc	dims_op_pl_eoweb1_XXXXB00000000334305745317	N214470,N214471,N214473
m_airrsgtc	dims_op_pl_eoweb1_XXXXB00000000334305745319	N214470,N214471,N214473,N214474
m_airrsgtc	dims_op_pl_eoweb1_XXXXB00000000334305745321	N214470,N214471,N214473,N214474
m_airrsgtc	dims_op_pl_eoweb1_XXXXB00000000334305745323	N214470,N214471,N214473,N214474
m_airrsgtc	dims_op_pl_eoweb1_XXXXB00000000334305745325	N216563,N216564
m_airrsgtc	dims_op_pl_eoweb1_XXXXB00000000334305745329	N214470,N214471,N214473,N214474
m_airrsgtc	dims_op_pl_eoweb1_XXXXB00000000334305745327	N216563,N216564
m_airrsgtc	dims_op_pl_eoweb1_XXXXB00000000334305745331	N216563,N216564
m_airrsgtc	dims_op_pl_eoweb1_XXXXB00000000334305745333	N216563,N216564
m_airrsgtc	dims_op_pl_eoweb1_XXXXB00000000334305745335	N218068,N218301,N218302
m_airrsgtc	dims_op_pl_eoweb1_XXXXB00000000334305745337	N218068,N218076,N218301,N218302
m_airrsgtc	dims_op_pl_eoweb1_XXXXB00000000334305745339	N217525,N217528,N218303,N218306
m_airrsgtc	dims_op_pl_eoweb1_XXXXB00000000334305745341	N218067,N218068,N218301,N218302
m_airrsgtc	dims_op_pl_eoweb1_XXXXB00000000334305745343	N218068,N218076,N218302
m_airrsgtc	dims_op_pl_eoweb1_XXXXB00000000295446011611	N226626,N226627,N226650
m_airrsgtc	dims_op_pl_eoweb1_XXXXB00000000295446012130	N240164,N240165,N240167,N240168
m_airrsgtc	dims_op_pl_eoweb1_XXXXB00000000295446012132	N226626,N226627,N226650
m_airrsgtc	dims_op_pl_eoweb1_XXXXB00000000295446012146	N232260,N232261
m_airrsgtc	dims_op_pl_eoweb1_XXXXB00000000295446012144	N226626,N226627,N226650
m_airrsgtc	dims_op_pl_eoweb1_XXXXB00000000295446012134	N232260,N232261
m_airrsgtc	dims_op_pl_eoweb1_XXXXB00000000295446012140	N226626,N226627,N226650
m_airrsgtc	dims_op_pl_eoweb1_XXXXB00000000295446012138	N226626,N226627,N226650
m_airrsgtc	dims_op_pl_eoweb1_XXXXB00000000295446012142	N232236,N232237,N232260,N232261
m_airrsgtc	dims_op_pl_eoweb1_XXXXB00000000295446012136	N226626,N226627,N226650
m_airrsgtc	dims_op_pl_eoweb1_XXXXB00000000295446012148	N232236,N232237,N232260,N232261
m_airrsgtc	dims_op_pl_eoweb1_XXXXB00000000295446012150	N232236,N232237,N232260,N232261
m_airrsgtc	dims_op_pl_eoweb1_XXXXB00000000295446012156	N232260,N232261
m_airrsgtc	dims_op_pl_eoweb1_XXXXB00000000295446012160	N225254,N225255,N225257
m_airrsgtc	dims_op_pl_eoweb1_XXXXB00000000295446012154	N232236,N232237,N232260,N232261
m_airrsgtc	dims_op_pl_eoweb1_XXXXB00000000295446012164	N225254,N225255,N225257
m_airrsgtc	dims_op_pl_eoweb1_XXXXB00000000295446012152	N232260,N232261
m_airrsgtc	dims_op_pl_eoweb1_XXXXB00000000295446012158	N226626,N226627
m_airrsgtc	dims_op_pl_eoweb1_XXXXB00000000295446012170	N232236,N232237,N232260,N232261
m_airrsgtc	dims_op_pl_eoweb1_XXXXB00000000295446012172	N225254,N225255,N225257
m_airrsgtc	dims_op_pl_eoweb1_XXXXB00000000295446012176	N226626,N226627
m_airrsgtc	dims_op_pl_eoweb1_XXXXB00000000295446012168	N225254,N225255,N225257
m_airrsgtc	dims_op_pl_eoweb1_XXXXB00000000295446012166	N225254,N225255,N225257
m_airrsgtc	dims_op_pl_eoweb1_XXXXB00000000295446012162	N226626,N226627
m_airrsgtc	dims_op_pl_eoweb1_XXXXB00000000295446012174	N232236,N232237,N232260,N232261
m_airrsgtc	dims_op_pl_eoweb1_XXXXB00000000295446012178	N226626,N226627
m_airrsgtc	dims_op_pl_eoweb1_XXXXB00000000295446012182	P222706,P222707
m_airrsgtc	dims_op_pl_eoweb1_XXXXB00000000295446012180	N226626,N226627
m_airrsgtc	dims_op_pl_eoweb1_XXXXB00000000295446012191	N226626,N226627
m_airrsgtc	dims_op_pl_eoweb1_XXXXB00000000295446012194	N226626,N226627
m_airrsgtc	dims_op_pl_eoweb1_XXXXB00000000295446012204	N226626,N226627
m_airrsgtc	dims_op_pl_eoweb1_XXXXB00000000295446012202	N226626,N226627
m_airrsgtc	dims_op_pl_eoweb1_XXXXB00000000295446012206	N214466,N214467
m_airrsgtc	dims_op_pl_eoweb1_XXXXB00000000295446012208	P222706,P222707
m_airrsgtc	dims_op_pl_eoweb1_XXXXB00000000295446012184	N226626,N226627
m_airrsgtc	dims_op_pl_eoweb1_XXXXB00000000295446012212	P222706,P222707
m_airrsgtc	dims_op_pl_eoweb1_XXXXB00000000295446012216	P222706,P222707
m_airrsgtc	dims_op_pl_eoweb1_XXXXB00000000295446012214	N226626,N226627
m_airrsgtc	dims_op_pl_eoweb1_XXXXB00000000295446012224	N214466,N214467
m_airrsgtc	dims_op_pl_eoweb1_XXXXB00000000295446012200	N226626,N226627
m_airrsgtc	dims_op_pl_eoweb1_XXXXB00000000295446012196	P222706,P222707
m_airrsgtc	dims_op_pl_eoweb1_XXXXB00000000295446012198	N226626,N226627
m_airrsgtc	dims_op_pl_eoweb1_XXXXB00000000295446012186	N226626,N226627
m_airrsgtc	dims_op_pl_eoweb1_XXXXB00000000295446012190	P222706,P222707
m_airrsgtc	dims_op_pl_eoweb1_XXXXB00000000295446012188	N214466,N214467
m_airrsgtc	dims_op_pl_eoweb1_XXXXB00000000295446012222	P222706,P222707
m_airrsgtc	dims_op_pl_eoweb1_XXXXB00000000295446012220	P222706,P222707
m_airrsgtc	dims_op_pl_eoweb1_XXXXB00000000295446012218	P222706,P222707
m_airrsgtc	dims_op_pl_eoweb1_XXXXB00000000295446012210	N226626,N226627
m_airrsgtc	dims_op_pl_eoweb1_XXXXB00000000295446012236	P222706,P222707
m_airrsgtc	dims_op_pl_eoweb1_XXXXB00000000295446012240	P222706,P222707
m_airrsgtc	dims_op_pl_eoweb1_XXXXB00000000295446012238	N225254,N225255,N225257
m_airrsgtc	dims_op_pl_eoweb1_XXXXB00000000295446012228	P222706,P222707
m_airrsgtc	dims_op_pl_eoweb1_XXXXB00000000295446012244	P222706,P222707
m_airrsgtc	dims_op_pl_eoweb1_XXXXB00000000295446012242	P222706,P222707
m_airrsgtc	dims_op_pl_eoweb1_XXXXB00000000295446012246	P222706,P222707
m_airrsgtc	dims_op_pl_eoweb1_XXXXB00000000295446012232	N214466,N214467
m_airrsgtc	dims_op_pl_eoweb1_XXXXB00000000295446012234	P222706,P222707
m_airrsgtc	dims_op_pl_eoweb1_XXXXB00000000295446012230	P222706,P222707
m_airrsgtc	dims_op_pl_eoweb1_XXXXB00000000295446012226	N226626,N226627
m_airrsgtc	dims_op_pl_eoweb1_XXXXB00000000295446012250	P222706,P222707
m_airrsgtc	dims_op_pl_eoweb1_XXXXB00000000295446012248	P222706,P222707
m_airrsgtc	dims_op_pl_eoweb1_XXXXB00000000295446012254	P222706,P222707
m_airrsgtc	dims_op_pl_eoweb1_XXXXB00000000295446012256	P222706,P222707
m_airrsgtc	dims_op_pl_eoweb1_XXXXB00000000295446012252	P222706,P222707
m_airrsgtc	dims_op_pl_eoweb1_XXXXB00000000295446012258	P222706,P222707
m_airrsgtc	dims_op_pl_eoweb1_XXXXB00000000295446012266	P222706,P222707
m_airrsgtc	dims_op_pl_eoweb1_XXXXB00000000295446012264	P222706,P222707
m_airrsgtc	dims_op_pl_eoweb1_XXXXB00000000295446012260	P222706,P222707
m_airrsgtc	dims_op_pl_eoweb1_XXXXB00000000295446012262	P222706,P222707
m_airrsgtc	dims_op_pl_eoweb1_XXXXB00000000295446012268	P222706,P222707
m_airrsgtc	dims_op_pl_eoweb1_XXXXB00000000295446012272	P222706,P222707
m_airrsgtc	dims_op_pl_eoweb1_XXXXB00000000295446012284	P222706,P222707
m_airrsgtc	dims_op_pl_eoweb1_XXXXB00000000295446012278	P222706,P222707
m_airrsgtc	dims_op_pl_eoweb1_XXXXB00000000295446012276	P222706,P222707
m_airrsgtc	dims_op_pl_eoweb1_XXXXB00000000295446012286	P222706,P222707
m_airrsgtc	dims_op_pl_eoweb1_XXXXB00000000295446012280	N225254,N225255,N225257
m_airrsgtc	dims_op_pl_eoweb1_XXXXB00000000295446012270	P222706,P222707
m_airrsgtc	dims_op_pl_eoweb1_XXXXB00000000295446012282	R355637,R355661
m_airrsgtc	dims_op_pl_eoweb1_XXXXB00000000295446012274	P222706,P222707
m_airrsgtc	dims_op_pl_eoweb1_XXXXB00000000295446012294	P222706,P222707
m_airrsgtc	dims_op_pl_eoweb1_XXXXB00000000295446012290	P222706,P222707
m_airrsgtc	dims_op_pl_eoweb1_XXXXB00000000295446012310	P222706,P222707
m_airrsgtc	dims_op_pl_eoweb1_XXXXB00000000295446012308	P222706,P222707
m_airrsgtc	dims_op_pl_eoweb1_XXXXB00000000295446012306	P222706,P222707
m_airrsgtc	dims_op_pl_eoweb1_XXXXB00000000295446012288	P222706,P222707
m_airrsgtc	dims_op_pl_eoweb1_XXXXB00000000295446012326	N213535,N213537,N213538
m_airrsgtc	dims_op_pl_eoweb1_XXXXB00000000295446012304	R355637
m_airrsgtc	dims_op_pl_eoweb1_XXXXB00000000295446012302	R355637,R355661
m_airrsgtc	dims_op_pl_eoweb1_XXXXB00000000295446012328	N213577
m_airrsgtc	dims_op_pl_eoweb1_XXXXB00000000295446012314	P222706,P222707
m_airrsgtc	dims_op_pl_eoweb1_XXXXB00000000295446012322	R355637,R355661
m_airrsgtc	dims_op_pl_eoweb1_XXXXB00000000295446012324	R355660,R355661,R355663
m_airrsgtc	dims_op_pl_eoweb1_XXXXB00000000295446012316	N213577
m_airrsgtc	dims_op_pl_eoweb1_XXXXB00000000295446012312	N213577
m_airrsgtc	dims_op_pl_eoweb1_XXXXB00000000295446012298	N213535,N213537,N213538
m_airrsgtc	dims_op_pl_eoweb1_XXXXB00000000295446012300	R357160,R357163
m_airrsgtc	dims_op_pl_eoweb1_XXXXB00000000295446012296	P222706,P222707
m_airrsgtc	dims_op_pl_eoweb1_XXXXB00000000295446012292	P222706,P222707
m_airrsgtc	dims_op_pl_eoweb1_XXXXB00000000295446012332	R355660,R355661,R355663
m_airrsgtc	dims_op_pl_eoweb1_XXXXB00000000295446012318	P222706,P222707
m_airrsgtc	dims_op_pl_eoweb1_XXXXB00000000295446012334	P222706,P222707
m_airrsgtc	dims_op_pl_eoweb1_XXXXB00000000295446012342	P222706,P222707
m_airrsgtc	dims_op_pl_eoweb1_XXXXB00000000295446012336	P222706,P222707
m_airrsgtc	dims_op_pl_eoweb1_XXXXB00000000295446012320	N213577
m_airrsgtc	dims_op_pl_eoweb1_XXXXB00000000295446012338	R355660,R355661
m_airrsgtc	dims_op_pl_eoweb1_XXXXB00000000295446012340	R355634,R355637,R355638
m_airrsgtc	dims_op_pl_eoweb1_XXXXB00000000295446012330	P222706,P222707
m_airrsgtc	dims_op_pl_eoweb1_XXXXB00000000295446012346	N213535,N213537,N213538
m_airrsgtc	dims_op_pl_eoweb1_XXXXB00000000295446012344	R355637
m_airrsgtc	dims_op_pl_eoweb1_XXXXB00000000295446012352	R354885,R354888,R355663,R355666
m_airrsgtc	dims_op_pl_eoweb1_XXXXB00000000295446012348	R355634,R355637,R355638
m_airrsgtc	dims_op_pl_eoweb1_XXXXB00000000295446012350	R354888
m_airrsgtc	dims_op_pl_eoweb1_XXXXB00000000295446012354	R355638,R355662
m_airrsgtc	dims_op_pl_eoweb1_XXXXB00000000295446012366	R357082,R357085,R357160,R357163
m_airrsgtc	dims_op_pl_eoweb1_XXXXB00000000295446012368	R354885,R354888,R355663,R355666
m_airrsgtc	dims_op_pl_eoweb1_XXXXB00000000295446012362	R357160,R357161,R357163,R357164
m_airrsgtc	dims_op_pl_eoweb1_XXXXB00000000295446012372	R355637,R355660,R355661
m_airrsgtc	dims_op_pl_eoweb1_XXXXB00000000295446012364	R355638,R355662
m_airrsgtc	dims_op_pl_eoweb1_XXXXB00000000295446012374	R354885,R354888,R355663,R355666
m_airrsgtc	dims_op_pl_eoweb1_XXXXB00000000295446012356	R355660,R355663
m_airrsgtc	dims_op_pl_eoweb1_XXXXB00000000295446012360	R355635,R355638,R355646
m_airrsgtc	dims_op_pl_eoweb1_XXXXB00000000295446012370	R355637,R355661
m_airrsgtc	dims_op_pl_eoweb1_XXXXB00000000295446012358	R354885,R355663,R355666
m_airrsgtc	dims_op_pl_eoweb1_XXXXB00000000295446012376	R355634,R355635,R355637,R355638
m_airrsgtc	dims_op_pl_eoweb1_XXXXB00000000295446012378	R354885,R354888,R355663,R355666
m_airrsgtc	dims_op_pl_eoweb1_XXXXB00000000295446012380	R355660,R355663
m_airrsgtc	dims_op_pl_eoweb1_XXXXB00000000295446012390	R355660,R355661,R355663
m_airrsgtc	dims_op_pl_eoweb1_XXXXB00000000334305745345	N218068,N218301,N218302
m_airrsgtc	dims_op_pl_eoweb1_XXXXB00000000334305745347	N218068,N218301,N218302
m_airrsgtc	dims_op_pl_eoweb1_XXXXB00000000334305745349	N218067,N218068,N218301,N218302
m_airrsgtc	dims_op_pl_eoweb1_XXXXB00000000334305745351	N218303,N218306
m_airrsgtc	dims_op_pl_eoweb1_XXXXB00000000334305745353	N218303,N218306
m_airrsgtc	dims_op_pl_eoweb1_XXXXB00000000334305745355	N218303,N218306
m_airrsgtc	dims_op_pl_eoweb1_XXXXB00000000334305745357	N218068,N218301,N218302
m_airrsgtc	dims_op_pl_eoweb1_XXXXB00000000334305745359	N218303,N218306
m_airrsgtc	dims_op_pl_eoweb1_XXXXB00000000334305745361	N218303,N218306
m_airrsgtc	dims_op_pl_eoweb1_XXXXB00000000334305745363	N218068,N218076,N218302
m_airrsgtc	dims_op_pl_eoweb1_XXXXB00000000334305745365	N218068,N218076,N218302
m_airrsgtc	dims_op_pl_eoweb1_XXXXB00000000334305745367	N218303,N218306
m_airrsgtc	dims_op_pl_eoweb1_XXXXB00000000334305745369	N218068,N218076,N218302,N218310
m_airrsgtc	dims_op_pl_eoweb1_XXXXB00000000334305745371	N218303,N218306
m_airrsgtc	dims_op_pl_eoweb1_XXXXB00000000334305745373	N218303,N218306
m_airrsgtc	dims_op_pl_eoweb1_XXXXB00000000334305745375	N217525,N217528,N217552,N218303,N218306,N218330
m_airrsgtc	dims_op_pl_eoweb1_XXXXB00000000334305745377	N218068,N218076,N218302
m_airrsgtc	dims_op_pl_eoweb1_XXXXB00000000334305745379	N218068,N218076,N218302
m_airrsgtc	dims_op_pl_eoweb1_XXXXB00000000334305745381	N218301,N218302
m_airrsgtc	dims_op_pl_eoweb1_XXXXB00000000334305745383	N218068,N218301,N218302
m_airrsgtc	dims_op_pl_eoweb1_XXXXB00000000334305745385	N218303,N218306
m_airrsgtc	dims_op_pl_eoweb1_XXXXB00000000334305745387	N218068,N218301,N218302
m_airrsgtc	dims_op_pl_eoweb1_XXXXB00000000334305745389	N218303,N218306
m_airrsgtc	dims_op_pl_eoweb1_XXXXB00000000334305745391	N217525,N217528,N218303,N218306
m_airrsgtc	dims_op_pl_eoweb1_XXXXB00000000334305745393	N218068,N218301,N218302
m_airrsgtc	dims_op_pl_eoweb1_XXXXB00000000334305745395	N218303,N218306
m_airrsgtc	dims_op_pl_eoweb1_XXXXB00000000334305745397	N218068,N218076,N218301,N218302
m_airrsgtc	dims_op_pl_eoweb1_XXXXB00000000334305745399	N218303,N218306
m_airrsgtc	dims_op_pl_eoweb1_XXXXB00000000334305745401	N218303,N218306
m_airrsgtc	dims_op_pl_eoweb1_XXXXB00000000334305745403	N218068,N218301,N218302
m_airrsgtc	dims_op_pl_eoweb1_XXXXB00000000334305745405	N218303,N218306
m_airrsgtc	dims_op_pl_eoweb1_XXXXB00000000334305745407	N218068,N218076,N218302
m_airrsgtc	dims_op_pl_eoweb1_XXXXB00000000334305745409	N217525,N217528,N217552,N218303,N218306,N218330
m_airrsgtc	dims_op_pl_eoweb1_XXXXB00000000334305745411	N218068,N218301,N218302
m_airrsgtc	dims_op_pl_eoweb1_XXXXB00000000334305745413	N218068,N218076,N218302
m_airrsgtc	dims_op_pl_eoweb1_XXXXB00000000334305745415	N217525,N217528,N218303,N218306,N218330
m_airrsgtc	dims_op_pl_eoweb1_XXXXB00000000334305745417	N217525,N217528,N218303,N218306
m_airrsgtc	dims_op_pl_eoweb1_XXXXB00000000334305745419	N218068,N218076,N218302
m_airrsgtc	dims_op_pl_eoweb1_XXXXB00000000334305745421	N218068,N218076,N218302,N218310
m_airrsgtc	dims_op_pl_eoweb1_XXXXB00000000334305745423	N218303,N218306
m_airrsgtc	dims_op_pl_eoweb1_XXXXB00000000334305745425	N218068,N218076,N218302
m_airrsgtc	dims_op_pl_eoweb1_XXXXB00000000334305745427	N218068,N218301,N218302
m_airrsgtc	dims_op_pl_eoweb1_XXXXB00000000334305745429	N218303,N218306
m_airrsgtc	dims_op_pl_eoweb1_XXXXB00000000334305745431	N218303,N218306
m_airrsgtc	dims_op_pl_eoweb1_XXXXB00000000334305745433	N217525,N217528,N217552,N218303,N218306
m_airrsgtc	dims_op_pl_eoweb1_XXXXB00000000334305745435	N218067,N218068,N218301,N218302
m_airrsgtc	dims_op_pl_eoweb1_XXXXB00000000334305745437	N218301,N218302
m_airrsgtc	dims_op_pl_eoweb1_XXXXB00000000334305745439	N217525,N217528,N218303,N218306
m_airrsgtc	dims_op_pl_eoweb1_XXXXB00000000334305745441	N218303,N218306
m_airrsgtc	dims_op_pl_eoweb1_XXXXB00000000334305745443	N218303,N218306
m_airrsgtc	dims_op_pl_eoweb1_XXXXB00000000334305745445	N218303,N218306
m_airrsgtc	dims_op_pl_eoweb1_XXXXB00000000334305745447	N217525,N217528,N218303,N218306
m_airrsgtc	dims_op_pl_eoweb1_XXXXB00000000334305745449	N218303,N218306
m_airrsgtc	dims_op_pl_eoweb1_XXXXB00000000334305745451	N218303,N218306
m_airrsgtc	dims_op_pl_eoweb1_XXXXB00000000334305745453	N218303,N218306
m_airrsgtc	dims_op_pl_eoweb1_XXXXB00000000334305745455	N218303,N218306
m_airrsgtc	dims_op_pl_eoweb1_XXXXB00000000334305745457	N217525,N217528,N217552,N218303,N218306,N218330
m_airrsgtc	dims_op_pl_eoweb1_XXXXB00000000334305745459	N216563,N216564,N216566,N216567
m_airrsgtc	dims_op_pl_eoweb1_XXXXB00000000334305745461	N216563,N216564,N216566,N216567
m_airrsgtc	dims_op_pl_eoweb1_XXXXB00000000334305745463	N217525,N217527,N217528,N217551,N217552,N218303,N218304,N218306,N218307,N218330
m_airrsgtc	dims_op_pl_eoweb1_XXXXB00000000334305745465	N217525,N217527,N217528,N217551,N217552,N218303,N218304,N218305,N218306,N218307,N218330
m_airrsgtc	dims_op_pl_eoweb1_XXXXB00000000334305745467	N218067,N218068,N218076,N218301,N218302,N218310
m_airrsgtc	dims_op_pl_eoweb1_XXXXB00000000334305745469	N217525,N217527,N217528,N217551,N217552,N218303,N218304,N218306,N218307,N218330
m_airrsgtc	dims_op_pl_eoweb1_XXXXB00000000334305745475	N217525,N217527,N217528,N217551,N217552,N218303,N218304,N218305,N218306,N218307,N218330
m_airrsgtc	dims_op_pl_eoweb1_XXXXB00000000334305745483	N218067,N218068,N218076,N218301,N218302,N218310
m_airrsgtc	dims_op_pl_eoweb1_XXXXB00000000334305745489	N218067,N218068,N218076,N218301,N218302,N218310
m_airrsgtc	dims_op_pl_eoweb1_XXXXB00000000334305745479	N217525,N217528,N218303,N218306
m_airrsgtc	dims_op_pl_eoweb1_XXXXB00000000334305745487	N217525,N217528,N218303,N218306,N218330
m_airrsgtc	dims_op_pl_eoweb1_XXXXB00000000334305745493	N217525,N217527,N217528,N217551,N217552,N218303,N218304,N218306,N218307,N218330
m_airrsgtc	dims_op_pl_eoweb1_XXXXB00000000334305745499	N217525,N217527,N217528,N217551,N217552,N218303,N218304,N218305,N218306,N218307,N218330
m_airrsgtc	dims_op_pl_eoweb1_XXXXB00000000334305745519	N216563,N216564
m_airrsgtc	dims_op_pl_eoweb1_XXXXB00000000334305745547	N216563,N216564,N216567
m_airrsgtc	dims_op_pl_eoweb1_XXXXB00000000334305745555	N216563,N216564
m_airrsgtc	dims_op_pl_eoweb1_XXXXB00000000334305745575	N218303,N218306
m_airrsgtc	dims_op_pl_eoweb1_XXXXB00000000334305745581	N216563,N216564
m_airrsgtc	dims_op_pl_eoweb1_XXXXB00000000334305745613	N216563,N216564
m_airrsgtc	dims_op_pl_eoweb1_XXXXB00000000334305745645	N216563,N216564
m_airrsgtc	dims_op_pl_eoweb1_XXXXB00000000334305745637	N216563,N216564
m_airrsgtc	dims_op_pl_eoweb1_XXXXB00000000334305745649	N218303,N218306
m_airrsgtc	dims_op_pl_eoweb1_XXXXB00000000334305745663	N216563,N216564,N216566,N216567
m_airrsgtc	dims_op_pl_eoweb1_XXXXB00000000334305746022	N216563,N216564,N216566,N216567
m_airrsgtc	dims_op_pl_eoweb1_XXXXB00000000334305746024	N218068,N218301,N218302
m_airrsgtc	dims_op_pl_eoweb1_XXXXB00000000334305746026	N218068,N218301,N218302
m_airrsgtc	dims_op_pl_eoweb1_XXXXB00000000334305746039	N217525,N217528,N218303,N218306,N218330
m_airrsgtc	dims_op_pl_eoweb1_XXXXB00000000334305746041	N218303,N218306
m_airrsgtc	dims_op_pl_eoweb1_XXXXB00000000334305746197	N218068,N218076,N218302
m_airrsgtc	dims_op_pl_eoweb1_XXXXB00000000334305746199	N218068,N218076,N218302
m_airrsgtc	dims_op_pl_eoweb1_XXXXB00000000334305746223	N218068,N218076,N218302,N218310
m_airrsgtc	dims_op_pl_eoweb1_XXXXB00000000334305746238	N218303,N218306
m_airrsgtc	dims_op_pl_eoweb1_XXXXB00000000334305746225	N218068,N218076,N218302
m_airrsgtc	dims_op_pl_eoweb1_XXXXB00000000334305746240	N217525,N217528,N218303,N218306
m_airrsgtc	dims_op_pl_eoweb1_XXXXB00000000334305746242	N218068,N218301,N218302
m_airrsgtc	dims_op_pl_eoweb1_XXXXB00000000334305746244	N218068,N218301,N218302
m_airrsgtc	dims_op_pl_eoweb1_XXXXB00000000334305746246	N217525,N217528,N217552,N218303,N218306,N218330
m_airrsgtc	dims_op_pl_eoweb1_XXXXB00000000334305746248	N218303,N218306
m_airrsgtc	dims_op_pl_eoweb1_XXXXB00000000334305746250	N217525,N217528,N217552,N218303,N218306
m_airrsgtc	dims_op_pl_eoweb1_XXXXB00000000334305746252	N217525,N217528,N218303,N218306,N218330
m_airrsgtc	dims_op_pl_eoweb1_XXXXB00000000334305746265	N218303,N218306
m_airrsgtc	dims_op_pl_eoweb1_XXXXB00000000334305746456	N218301,N218302
m_airrsgtc	dims_op_pl_eoweb1_XXXXB00000000334305746469	N218068,N218076,N218301,N218302
m_airrsgtc	dims_op_pl_eoweb1_XXXXB00000000334305746471	N218068,N218301,N218302
m_airrsgtc	dims_op_pl_eoweb1_XXXXB00000000334305746473	N218068,N218301,N218302
m_airrsgtc	dims_op_pl_eoweb1_XXXXB00000000334305746519	N217525,N217528,N218303,N218306
m_airrsgtc	dims_op_pl_eoweb1_XXXXB00000000344001564012	N214267,N214500,N214501
m_airrsgtc	dims_op_pl_eoweb1_XXXXB00000000344001564008	N214442,N214450
m_airrsgtc	dims_op_pl_eoweb1_XXXXB00000000344001564010	N214267,N214500,N214501
m_airrsgtc	dims_op_pl_eoweb1_XXXXB00000000344001564014	N214266,N214267
m_airrsgtc	dims_op_pl_eoweb1_XXXXB00000000344001564016	N214267,N214500,N214501
m_airrsgtc	dims_op_pl_eoweb1_XXXXB00000000344001564018	N214267,N214500,N214501
m_airrsgtc	dims_op_pl_eoweb1_XXXXB00000000344001564020	N214266
m_airrsgtc	dims_op_pl_eoweb1_XXXXB00000000344001564022	N214266
m_airrsgtc	dims_op_pl_eoweb1_XXXXB00000000344001564024	N214267,N214500,N214501
m_airrsgtc	dims_op_pl_eoweb1_XXXXB00000000344001564026	N214266
m_airrsgtc	dims_op_pl_eoweb1_XXXXB00000000344001564028	N214266,N214267
m_airrsgtc	dims_op_pl_eoweb1_XXXXB00000000344001564030	N214266,N214267
m_airrsgtc	dims_op_pl_eoweb1_XXXXB00000000344001564032	N214266
m_airrsgtc	dims_op_pl_eoweb1_XXXXB00000000344001564034	N214266,N214267
m_airrsgtc	dims_op_pl_eoweb1_XXXXB00000000344001564036	N214442,N214450
m_airrsgtc	dims_op_pl_eoweb1_XXXXB00000000355073735566	N216503,N216504,N216505
m_airrsgtc	dims_op_pl_eoweb1_XXXXB00000000355073735576	N216503,N216504,N216505
m_airrsgtc	dims_op_pl_eoweb1_XXXXB00000000355073735581	N216503,N216504,N216505
m_airrsgtc	dims_op_pl_eoweb1_XXXXB00000000355073735583	N216503,N216504,N216505
m_airrsgtc	dims_op_pl_eoweb1_XXXXB00000000355073735591	N216503,N216504,N216505
m_airrsgtc	dims_op_pl_eoweb1_XXXXB00000000355073735599	N216503,N216504,N216505
m_airrsgtc	dims_op_pl_eoweb1_XXXXB00000000355073735601	N216503,N216504,N216505
m_airrsgtc	dims_op_pl_eoweb1_XXXXB00000000355073735606	N216503,N216504,N216505
m_airrsgtc	dims_op_pl_eoweb1_XXXXB00000000355073735608	N216503,N216504,N216505
m_airrsgtc	dims_op_pl_eoweb1_XXXXB00000000355073735610	N216503,N216504,N216505
m_airrsgtc	dims_op_pl_eoweb1_XXXXB00000000355073735624	N216503,N216504,N216505
m_airrsgtc	dims_op_pl_eoweb1_XXXXB00000000355073735637	N216503,N216504,N216505
m_airrsgtc	dims_op_pl_eoweb1_XXXXB00000000355073735639	N216503,N216504,N216505
m_airrsgtc	dims_op_pl_eoweb1_XXXXB00000000355073735644	N216503,N216504,N216505
m_airrsgtc	dims_op_pl_eoweb1_XXXXB00000000355073735649	N216503,N216504,N216505
m_airrsgtc	dims_op_pl_eoweb1_XXXXB00000000379978326554	N213841,N213844,N213845
m_airrsgtc	dims_op_pl_eoweb1_XXXXB00000000379978326558	N213841,N213844,N213845
m_airrsgtc	dims_op_pl_eoweb1_XXXXB00000000379978326564	N213841,N213844,N213845
m_airrsgtc	dims_op_pl_eoweb1_XXXXB00000000379978326566	N213841,N213844,N213845
m_airrsgtc	dims_op_pl_eoweb1_XXXXB00000000379978326574	N213841,N213842,N213844,N213845
m_airrsgtc	dims_op_pl_eoweb1_XXXXB00000000379978326578	N213841,N213842,N213844,N213845
m_airrsgtc	dims_op_pl_eoweb1_XXXXB00000000379978326580	N213841,N213842,N213844,N213845
m_airrsgtc	dims_op_pl_eoweb1_XXXXB00000000379978326582	N213841,N213842,N213844,N213845
m_airrsgtc	dims_op_pl_eoweb1_XXXXB00000000379978326584	N213841,N213844,N213845
m_airrsgtc	dims_op_pl_eoweb1_XXXXB00000000379978326586	N213841,N213844,N213845
m_airrsgtc	dims_op_pl_eoweb1_XXXXB00000000379978326588	N213841,N213844,N213845
m_airrsgtc	dims_op_pl_eoweb1_XXXXB00000000379978326590	N213841,N213844,N213845
m_airrsgtc	dims_op_pl_eoweb1_XXXXB00000000379978326592	N213844
m_airrsgtc	dims_op_pl_eoweb1_XXXXB00000000379978326594	N213844
m_airrsgtc	dims_op_pl_eoweb1_XXXXB00000000379978326596	N213844
m_airrsgtc	dims_op_pl_eoweb1_XXXXB00000000379978326601	N213844
m_airrsgtc	dims_op_pl_eoweb1_XXXXB00000000379978326603	N213844
m_airrsgtc	dims_op_pl_eoweb1_XXXXB00000000379978326605	N213844
m_airrsgtc	dims_op_pl_eoweb1_XXXXB00000000379978326607	N213844,N213845
m_airrsgtc	dims_op_pl_eoweb1_XXXXB00000000379978326609	N213844,N213845
m_airrsgtc	dims_op_pl_eoweb1_XXXXB00000000379978326611	N213844,N213845
m_airrsgtc	dims_op_pl_eoweb1_XXXXB00000000379978326613	N213844,N213845
m_airrsgtc	dims_op_pl_eoweb1_XXXXB00000000379978326615	N213844,N213845
m_airrsgtc	dims_op_pl_eoweb1_XXXXB00000000379978326617	N213844,N213845
m_airrsgtc	dims_op_pl_eoweb1_XXXXB00000000379978326619	N213844,N213845
m_airrsgtc	dims_op_pl_eoweb1_XXXXB00000000379978326621	N213844,N213845
m_airrsgtc	dims_op_pl_eoweb1_XXXXB00000000379978326623	N213841,N213844,N213845
m_airrsgtc	dims_op_pl_eoweb1_XXXXB00000000379978326625	N213841,N213842,N213844,N213845
m_airrsgtc	dims_op_pl_eoweb1_XXXXB00000000379978326627	N213841,N213842,N213844,N213845
m_airrsgtc	dims_op_pl_eoweb1_XXXXB00000000379978326629	N213844,N213845
m_airrsgtc	dims_op_pl_eoweb1_XXXXB00000000379978326631	N213841,N213844,N213845
m_airrsgtc	dims_op_pl_eoweb1_XXXXB00000000379978326633	N213841,N213844,N213845
m_airrsgtc	dims_op_pl_eoweb1_XXXXB00000000379978326635	N213841,N213844,N213845
m_airrsgtc	dims_op_pl_eoweb1_XXXXB00000000379978326637	N213841,N213844,N213845
m_airrsgtc	dims_op_pl_eoweb1_XXXXB00000000379978326639	N213841,N213844,N213845
m_airrsgtc	dims_op_pl_eoweb1_XXXXB00000000379978326641	N213841,N213844,N213845
m_airrsgtc	dims_op_pl_eoweb1_XXXXB00000000379978326643	N213844
m_airrsgtc	dims_op_pl_eoweb1_XXXXB00000000379978326645	N213841,N213844,N213845
m_airrsgtc	dims_op_pl_eoweb1_XXXXB00000000379978326647	N213841,N213844,N213845
m_airrsgtc	dims_op_pl_eoweb1_XXXXB00000000379978326649	N213844,N213845
m_airrsgtc	dims_op_pl_eoweb1_XXXXB00000000379978326651	N213841,N213844,N213845
m_airrsgtc	dims_op_pl_eoweb1_XXXXB00000000379978326653	N213844,N213845
m_airrsgtc	dims_op_pl_eoweb1_XXXXB00000000379978326655	N213841,N213844,N213845
m_airrsgtc	dims_op_pl_eoweb1_XXXXB00000000379978326657	N213841,N213844,N213845
m_airrsgtc	dims_op_pl_eoweb1_XXXXB00000000379978326659	N213841,N213844,N213845
m_airrsgtc	dims_op_pl_eoweb1_XXXXB00000000379978326664	N213841,N213844,N213845
m_airrsgtc	dims_op_pl_eoweb1_XXXXB00000000379978326669	N213841,N213844,N213845
m_airrsgtc	dims_op_pl_eoweb1_XXXXB00000000379978326671	N213841,N213844,N213845
m_airrsgtc	dims_op_pl_eoweb1_XXXXB00000000379978326673	N213841,N213844,N213845
m_airrsgtc	dims_op_pl_eoweb1_XXXXB00000000379978326675	N213844
m_airrsgtc	dims_op_pl_eoweb1_XXXXB00000000379978326677	N213841,N213844,N213845
m_airrsgtc	dims_op_pl_eoweb1_XXXXB00000000379978326679	N213844
m_airrsgtc	dims_op_pl_eoweb1_XXXXB00000000379978326681	N213844
m_airrsgtc	dims_op_pl_eoweb1_XXXXB00000000379978326683	N213844
m_airrsgtc	dims_op_pl_eoweb1_XXXXB00000000379978326685	N213841,N213844,N213845
m_airrsgtc	dims_op_pl_eoweb1_XXXXB00000000379978326687	N213844
m_airrsgtc	dims_op_pl_eoweb1_XXXXB00000000379978326689	N213841,N213844,N213845
m_airrsgtc	dims_op_pl_eoweb1_XXXXB00000000379978326691	N213844
m_airrsgtc	dims_op_pl_eoweb1_XXXXB00000000379978326693	N213844
m_airrsgtc	dims_op_pl_eoweb1_XXXXB00000000379978326695	N213841,N213844,N213845
m_airrsgtc	dims_op_pl_eoweb1_XXXXB00000000379978326697	N213841,N213844,N213845
m_airrsgtc	dims_op_pl_eoweb1_XXXXB00000000379978326699	N213841,N213844,N213845
m_airrsgtc	dims_op_pl_eoweb1_XXXXB00000000379978326701	N213844
m_airrsgtc	dims_op_pl_eoweb1_XXXXB00000000379978326703	N213844
m_airrsgtc	dims_op_pl_eoweb1_XXXXB00000000379978326707	N213844
m_airrsgtc	dims_op_pl_eoweb1_XXXXB00000000379978326709	N213844
m_airrsgtc	dims_op_pl_eoweb1_XXXXB00000000379978326713	N213844
m_airrsgtc	dims_op_pl_eoweb1_XXXXB00000000379978326717	N213841,N213844,N213845
m_airrsgtc	dims_op_pl_eoweb1_XXXXB00000000379978326719	N213841,N213844,N213845
m_airrsgtc	dims_op_pl_eoweb1_XXXXB00000000379978326721	N213841,N213844
m_airrsgtc	dims_op_pl_eoweb1_XXXXB00000000379978326723	N213841,N213844,N213845
m_airrsgtc	dims_op_pl_eoweb1_XXXXB00000000379978326725	N213841,N213844,N213845
m_airrsgtc	dims_op_pl_eoweb1_XXXXB00000000379978326727	N213841,N213844,N213845
m_airrsgtc	dims_op_pl_eoweb1_XXXXB00000000379978326729	N213841,N213844,N213845
m_airrsgtc	dims_op_pl_eoweb1_XXXXB00000000379978326731	N213841,N213844,N213845
m_airrsgtc	dims_op_pl_eoweb1_XXXXB00000000379978326733	N213841,N213844,N213845
m_airrsgtc	dims_op_pl_eoweb1_XXXXB00000000379978326737	N213841,N213844,N213845
m_airrsgtc	dims_op_pl_eoweb1_XXXXB00000000379978326739	N213841,N213844,N213845
m_airrsgtc	dims_op_pl_eoweb1_XXXXB00000000379978326741	N213841,N213844,N213845
m_airrsgtc	dims_op_pl_eoweb1_XXXXB00000000379978326747	N213841,N213844,N213845
m_airrsgtc	dims_op_pl_eoweb1_XXXXB00000000379978326753	N213841,N213844,N213845
m_airrsgtc	dims_op_pl_eoweb1_XXXXB00000000379978326759	N213844
m_airrsgtc	dims_op_pl_eoweb1_XXXXB00000000379978326761	N213844
m_airrsgtc	dims_op_pl_eoweb1_XXXXB00000000379978326763	N213844,N213845
m_airrsgtc	dims_op_pl_eoweb1_XXXXB00000000379978326765	N213844
m_airrsgtc	dims_op_pl_eoweb1_XXXXB00000000379978326767	N213844
m_airrsgtc	dims_op_pl_eoweb1_XXXXB00000000379978326769	N213841,N213844,N213845
m_airrsgtc	dims_op_pl_eoweb1_XXXXB00000000379978326771	N213841,N213844,N213845
m_airrsgtc	dims_op_pl_eoweb1_XXXXB00000000379978326773	N213841,N213844,N213845
m_airrsgtc	dims_op_pl_eoweb1_XXXXB00000000379978326777	N213844,N213845
m_airrsgtc	dims_op_pl_eoweb1_XXXXB00000000379978326779	N213844,N213845
m_airrsgtc	dims_op_pl_eoweb1_XXXXB00000000379978326781	N213844,N213845
m_airrsgtc	dims_op_pl_eoweb1_XXXXB00000000379978326785	N213844,N213845
m_airrsgtc	dims_op_pl_eoweb1_XXXXB00000000379978326787	N213844,N213845
m_airrsgtc	dims_op_pl_eoweb1_XXXXB00000000379978326791	N213844,N213845
m_airrsgtc	dims_op_pl_eoweb1_XXXXB00000000379978326793	N213844,N213845
m_airrsgtc	dims_op_pl_eoweb1_XXXXB00000000379978326795	N213844,N213845
m_airrsgtc	dims_op_pl_eoweb1_XXXXB00000000379978326799	N213844,N213845
m_airrsgtc	dims_op_pl_eoweb1_XXXXB00000000379978326801	N213844
m_airrsgtc	dims_op_pl_eoweb1_XXXXB00000000379978326802	N213844
m_airrsgtc	dims_op_pl_eoweb1_XXXXB00000000379978326805	N213844,N213845
m_airrsgtc	dims_op_pl_eoweb1_XXXXB00000000379978326809	N213844
m_airrsgtc	dims_op_pl_eoweb1_XXXXB00000000379978326807	N213844
m_airrsgtc	dims_op_pl_eoweb1_XXXXB00000000379978326811	N213844
m_airrsgtc	dims_op_pl_eoweb1_XXXXB00000000379978326813	N213844
m_airrsgtc	dims_op_pl_eoweb1_XXXXB00000000379978326817	N213844
m_airrsgtc	dims_op_pl_eoweb1_XXXXB00000000379978326819	N213844
m_airrsgtc	dims_op_pl_eoweb1_XXXXB00000000379978326821	N213844
m_airrsgtc	dims_op_pl_eoweb1_XXXXB00000000379978326836	N213841,N213844,N213845
m_airrsgtc	dims_op_pl_eoweb1_XXXXB00000000379978326841	N213841,N213844,N213845
m_airrsgtc	dims_op_pl_eoweb1_XXXXB00000000379978326845	N213841,N213844,N213845
m_airrsgtc	dims_op_pl_eoweb1_XXXXB00000000379978326851	N213841,N213844,N213845
m_airrsgtc	dims_op_pl_eoweb1_XXXXB00000000379978326853	N213841,N213844,N213845
m_airrsgtc	dims_op_pl_eoweb1_XXXXB00000000379978326855	N213841,N213844,N213845
m_airrsgtc	dims_op_pl_eoweb1_XXXXB00000000379978326861	N213841,N213844,N213845
m_airrsgtc	dims_op_pl_eoweb1_XXXXB00000000379978326863	N213841,N213844,N213845
m_airrsgtc	dims_op_pl_eoweb1_XXXXB00000000379978326865	N213844
m_airrsgtc	dims_op_pl_eoweb1_XXXXB00000000379978326881	N213844
m_airrsgtc	dims_op_pl_eoweb1_XXXXB00000000379978326879	N213844
m_airrsgtc	dims_op_pl_eoweb1_XXXXB00000000379978326877	N213844
m_airrsgtc	dims_op_pl_eoweb1_XXXXB00000000379978326885	N213844
m_airrsgtc	dims_op_pl_eoweb1_XXXXB00000000379978326887	N213844
m_airrsgtc	dims_op_pl_eoweb1_XXXXB00000000379978326889	N213844
m_airrsgtc	dims_op_pl_eoweb1_XXXXB00000000379978326893	N213841,N213844,N213845
m_airrsgtc	dims_op_pl_eoweb1_XXXXB00000000379978326895	N213841,N213844,N213845
m_airrsgtc	dims_op_pl_eoweb1_XXXXB00000000379978326897	N213841,N213844,N213845
m_airrsgtc	dims_op_pl_eoweb1_XXXXB00000000379978326905	N213841,N213844,N213845
m_airrsgtc	dims_op_pl_eoweb1_XXXXB00000000379978326915	N213844
m_airrsgtc	dims_op_pl_eoweb1_XXXXB00000000379978326917	N213844
m_airrsgtc	dims_op_pl_eoweb1_XXXXB00000000379978326925	N213841,N213844,N213845
m_airrsgtc	dims_op_pl_eoweb1_XXXXB00000000379978326931	N213841,N213842,N213844,N213845
m_airrsgtc	dims_op_pl_eoweb1_XXXXB00000000379978327304	N213844
m_airrsgtc	dims_op_pl_eoweb1_XXXXB00000000379978327320	N213844
m_airrsgtc	dims_op_pl_eoweb1_XXXXB00000000379978327322	N213844,N213845
m_airrsgtc	dims_op_pl_eoweb1_XXXXB00000000379978327324	N213841,N213844,N213845
m_airrsgtc	dims_op_pl_eoweb1_XXXXB00000000379978327332	N213844,N213845
m_airrsgtc	dims_op_pl_eoweb1_XXXXB00000000379978327334	N213844
m_airrsgtc	dims_op_pl_eoweb1_XXXXB00000000379978327336	N213844
m_airrsgtc	dims_op_pl_eoweb1_XXXXB00000000379978327338	N213844
m_airrsgtc	dims_op_pl_eoweb1_XXXXB00000000379978327340	N213844
m_airrsgtc	dims_op_pl_eoweb1_XXXXB00000000379978327342	N213841,N213844,N213845
m_airrsgtc	dims_op_pl_eoweb1_XXXXB00000000379978327349	N213841,N213844
m_airrsgtc	dims_op_pl_eoweb1_XXXXB00000000379978327357	N213841,N213844,N213845
m_airrsgtc	dims_op_pl_eoweb1_XXXXB00000000379978327367	N213841,N213844
m_airrsgtc	dims_op_pl_eoweb1_XXXXB00000000379978327379	N213841,N213844
m_airrsgtc	dims_op_pl_eoweb1_XXXXB00000000379978327388	N213844
m_airrsgtc	dims_op_pl_eoweb1_XXXXB00000000379978327411	N213841,N213844,N213845
m_airrsgtc	dims_op_pl_eoweb1_XXXXB00000000379978327502	N213844
m_airrsgtc	dims_op_pl_eoweb1_XXXXB00000000379978327506	N213844
m_airrsgtc	dims_op_pl_eoweb1_XXXXB00000000379978327528	N213844
m_airrsgtc	dims_op_pl_eoweb1_XXXXB00000000379978327530	N213844
m_airrsgtc	dims_op_pl_eoweb1_XXXXB00000000379978327536	N213844
m_airrsgtc	dims_op_pl_eoweb1_XXXXB00000000379978327538	N213844
m_airrsgtc	dims_op_pl_eoweb1_XXXXB00000000379978327550	N213844,N213845
m_airrsgtc	dims_op_pl_eoweb1_XXXXB00000000379978327552	N213844,N213845
m_airrsgtc	dims_op_pl_eoweb1_XXXXB00000000396096883584	N215165,N215170,N215173
m_airrsgtc	dims_op_pl_eoweb1_XXXXB00000000396096883586	N215165,N215170,N215173
m_airrsgtc	dims_op_pl_eoweb1_XXXXB00000000396096883588	N215165,N215170,N215173
m_airrsgtc	dims_op_pl_eoweb1_XXXXB00000000396096883590	N215165,N215170,N215173
m_airrsgtc	dims_op_pl_eoweb1_XXXXB00000000396096883592	N215165,N215170,N215173
m_airrsgtc	dims_op_pl_eoweb1_XXXXB00000000396096883596	N215165,N215170,N215173
m_airrsgtc	dims_op_pl_eoweb1_XXXXB00000000396096883594	N215165,N215170,N215173
m_airrsgtc	dims_op_pl_eoweb1_XXXXB00000000396096883598	N215165,N215170,N215173
m_airrsgtc	dims_op_pl_eoweb1_XXXXB00000000396096883600	N215207,N215208
m_airrsgtc	dims_op_pl_eoweb1_XXXXB00000000396096883602	N215207,N215208
m_airrsgtc	dims_op_pl_eoweb1_XXXXB00000000396096883606	N215207,N215208
m_airrsgtc	dims_op_pl_eoweb1_XXXXB00000000396096883604	N215207,N215208
m_airrsgtc	dims_op_pl_eoweb1_XXXXB00000000396096883608	N215207,N215208
m_airrsgtc	dims_op_pl_eoweb1_XXXXB00000000396096883612	N215207,N215208
m_airrsgtc	dims_op_pl_eoweb1_XXXXB00000000396096883610	N215207,N215208
m_airrsgtc	dims_op_pl_eoweb1_XXXXB00000000396096883614	N215207,N215208
m_airrsgtc	dims_op_pl_eoweb1_XXXXB00000000396096883616	N215207,N215208
m_airrsgtc	dims_op_pl_eoweb1_XXXXB00000000396096883618	N215207,N215208
m_airrsgtc	dims_op_pl_eoweb1_XXXXB00000000396096883620	N215207,N215208
m_airrsgtc	dims_op_pl_eoweb1_XXXXB00000000396775808306	N215207,N215208
m_airrsgtc	dims_op_pl_eoweb1_XXXXB00000000396775808308	N215207,N215208
m_airrsgtc	dims_op_pl_eoweb1_XXXXB00000000396775808310	N215207,N215208
m_airrsgtc	dims_op_pl_eoweb1_XXXXB00000000396775808312	N215207,N215208
m_airrsgtc	dims_op_pl_eoweb1_XXXXB00000000396775808314	N215207,N215208
m_airrsgtc	dims_op_pl_eoweb1_XXXXB00000000396775808316	N215207,N215208
m_airrsgtc	dims_op_pl_eoweb1_XXXXB00000000396775808318	N215207,N215208
m_airrsgtc	dims_op_pl_eoweb1_XXXXB00000000396775808320	N215207,N215208
m_airrsgtc	dims_op_pl_eoweb1_XXXXB00000000396775808322	N215207,N215208
m_airrsgtc	dims_op_pl_eoweb1_XXXXB00000000396775808324	N215207,N215208
m_airrsgtc	dims_op_pl_eoweb1_XXXXB00000000396775808326	N215207,N215208
m_airrsgtc	dims_op_pl_eoweb1_XXXXB00000000396775808340	N215207,N215208
m_airrsgtc	dims_op_pl_eoweb1_XXXXB00000000396775808344	N215207,N215208
m_airrsgtc	dims_op_pl_eoweb1_XXXXB00000000396775808346	N215207,N215208
m_airrsgtc	dims_op_pl_eoweb1_XXXXB00000000396775808348	N215207,N215208
m_airrsgtc	dims_op_pl_eoweb1_XXXXB00000000396775808350	N215207,N215208
m_airrsgtc	dims_op_pl_eoweb1_XXXXB00000000408794503484	N502210,N502213,N502216
m_airrsgtc	dims_op_pl_eoweb1_XXXXB00000000408794503497	N510030,N510031,N510033,N510034
m_airrsgtc	dims_op_pl_eoweb1_XXXXB00000000408794503495	N502202,N502205,N502210,N502213
m_airrsgtc	dims_op_pl_eoweb1_XXXXB00000000408794503499	N510030,N510031,N510033,N510034
m_airrsgtc	dims_op_pl_eoweb1_XXXXB00000000408794503514	N502202,N502205,N502208,N502210,N502213,N502216
m_airrsgtc	dims_op_pl_eoweb1_XXXXB00000000408794503524	N502202,N502205,N502208
m_airrsgtc	dims_op_pl_eoweb1_XXXXB00000000408794503550	N268863,N268864,N268866,N268867,N502200
m_airrsgtc	dims_op_pl_eoweb1_XXXXB00000000408794503552	N268863,N268864,N268866,N268867
m_airrsgtc	dims_op_pl_eoweb1_XXXXB00000000408794503554	N268863,N268864,N268866,N268867,N502200
m_airrsgtc	dims_op_pl_eoweb1_XXXXB00000000408794503556	N268863,N268864,N268866,N268867
m_airrsgtc	dims_op_pl_eoweb1_XXXXB00000000408794503558	N268868,N268876,N502202,N502210
m_airrsgtc	dims_op_pl_eoweb1_XXXXB00000000443788543756	N216503,N216504,N216505
m_airrsgtc	dims_op_pl_eoweb1_XXXXB00000000423303258407	N502588,N502822,N502825
m_airrsgtc	dims_op_pl_eoweb1_XXXXB00000000423303258411	N502588,N502822,N502825
m_airrsgtc	dims_op_pl_eoweb1_XXXXB00000000426342420899	N214462
m_airrsgtc	dims_op_pl_eoweb1_XXXXB00000000423303258419	N502227,N502250,N502251,N502253
m_airrsgtc	dims_op_pl_eoweb1_XXXXB00000000423303258421	N502227,N502250,N502251,N502253,N502254
m_airrsgtc	dims_op_pl_eoweb1_XXXXB00000000423303258427	N502588,N502822,N502825
m_airrsgtc	dims_op_pl_eoweb1_XXXXB00000000423303258433	N502544,N502545,N502547,N502548
m_airrsgtc	dims_op_pl_eoweb1_XXXXB00000000423303258435	N502588,N502822,N502825
m_airrsgtc	dims_op_pl_eoweb1_XXXXB00000000423303258439	N502545,N502547,N502548
m_airrsgtc	dims_op_pl_eoweb1_XXXXB00000000423303258461	N502227,N502250,N502251,N502253,N502254
m_airrsgtc	dims_op_pl_eoweb1_XXXXB00000000423303258463	N502227,N502250,N502251,N502253
m_airrsgtc	dims_op_pl_eoweb1_XXXXB00000000426342420901	N214461,N214462
m_airrsgtc	dims_op_pl_eoweb1_XXXXB00000000426342420903	N214462
m_airrsgtc	dims_op_pl_eoweb1_XXXXB00000000426342420905	N214462
m_airrsgtc	dims_op_pl_eoweb1_XXXXB00000000426342420907	N214461,N214462
m_airrsgtc	dims_op_pl_eoweb1_XXXXB00000000426342420909	N214462
m_airrsgtc	dims_op_pl_eoweb1_XXXXB00000000426342420911	N214462
m_airrsgtc	dims_op_pl_eoweb1_XXXXB00000000426342420913	N214462
m_airrsgtc	dims_op_pl_eoweb1_XXXXB00000000429275549638	N213844,N213845
m_airrsgtc	dims_op_pl_eoweb1_XXXXB00000000429275549652	N213844,N213845
m_airrsgtc	dims_op_pl_eoweb1_XXXXB00000000429275549650	N213841,N213844,N213845
m_airrsgtc	dims_op_pl_eoweb1_XXXXB00000000429275549648	N213841,N213844,N213845
m_airrsgtc	dims_op_pl_eoweb1_XXXXB00000000429275549646	N213841,N213844,N213845
m_airrsgtc	dims_op_pl_eoweb1_XXXXB00000000429275549644	N213841,N213844,N213845
m_airrsgtc	dims_op_pl_eoweb1_XXXXB00000000429275549640	N213841,N213842,N213844,N213845
m_airrsgtc	dims_op_pl_eoweb1_XXXXB00000000429275549654	N213841,N213844,N213845
m_airrsgtc	dims_op_pl_eoweb1_XXXXB00000000429275549674	N213844,N213845
m_airrsgtc	dims_op_pl_eoweb1_XXXXB00000000429275549678	N213841,N213844,N213845
m_airrsgtc	dims_op_pl_eoweb1_XXXXB00000000429275549680	N213844,N213845
m_airrsgtc	dims_op_pl_eoweb1_XXXXB00000000429275549682	N213844
m_airrsgtc	dims_op_pl_eoweb1_XXXXB00000000429275549688	N213841,N213844,N213845
m_airrsgtc	dims_op_pl_eoweb1_XXXXB00000000429275549690	N213841,N213844,N213845
m_airrsgtc	dims_op_pl_eoweb1_XXXXB00000000429275549704	N213844
m_airrsgtc	dims_op_pl_eoweb1_XXXXB00000000429275549706	N213844
m_airrsgtc	dims_op_pl_eoweb1_XXXXB00000000429275549708	N213844
m_airrsgtc	dims_op_pl_eoweb1_XXXXB00000000429275549710	N213844
m_airrsgtc	dims_op_pl_eoweb1_XXXXB00000000429275549712	N213844
m_airrsgtc	dims_op_pl_eoweb1_XXXXB00000000429275549714	N213844
m_airrsgtc	dims_op_pl_eoweb1_XXXXB00000000429275549716	N213844
m_airrsgtc	dims_op_pl_eoweb1_XXXXB00000000429275549718	N213844
m_airrsgtc	dims_op_pl_eoweb1_XXXXB00000000429275549720	N213844
m_airrsgtc	dims_op_pl_eoweb1_XXXXB00000000429275549722	N213844
m_airrsgtc	dims_op_pl_eoweb1_XXXXB00000000429275549724	N213844
m_airrsgtc	dims_op_pl_eoweb1_XXXXB00000000429275549726	N213844
m_airrsgtc	dims_op_pl_eoweb1_XXXXB00000000429275549728	N213844
m_airrsgtc	dims_op_pl_eoweb1_XXXXB00000000429275549730	N213844
m_airrsgtc	dims_op_pl_eoweb1_XXXXB00000000429275549732	N213844
m_airrsgtc	dims_op_pl_eoweb1_XXXXB00000000429275549734	N213844
m_airrsgtc	dims_op_pl_eoweb1_XXXXB00000000429275549736	N213844
m_airrsgtc	dims_op_pl_eoweb1_XXXXB00000000429275549738	N213844
m_airrsgtc	dims_op_pl_eoweb1_XXXXB00000000429275549740	N213844
m_airrsgtc	dims_op_pl_eoweb1_XXXXB00000000429275549742	N213844,N213845
m_airrsgtc	dims_op_pl_eoweb1_XXXXB00000000429275549744	N213844,N213845
m_airrsgtc	dims_op_pl_eoweb1_XXXXB00000000429275549746	N213844,N213845
m_airrsgtc	dims_op_pl_eoweb1_XXXXB00000000429275549748	N213844,N213845
m_airrsgtc	dims_op_pl_eoweb1_XXXXB00000000429275549750	N213844,N213845
m_airrsgtc	dims_op_pl_eoweb1_XXXXB00000000429275549752	N213844,N213845
m_airrsgtc	dims_op_pl_eoweb1_XXXXB00000000429275549754	N213844,N213845
m_airrsgtc	dims_op_pl_eoweb1_XXXXB00000000429275549756	N213844,N213845
m_airrsgtc	dims_op_pl_eoweb1_XXXXB00000000429275549758	N213844,N213845
m_airrsgtc	dims_op_pl_eoweb1_XXXXB00000000429275549760	N213844,N213845
m_airrsgtc	dims_op_pl_eoweb1_XXXXB00000000429275549762	N213844,N213845
m_airrsgtc	dims_op_pl_eoweb1_XXXXB00000000429275549764	N213844,N213845
m_airrsgtc	dims_op_pl_eoweb1_XXXXB00000000429275549766	N213844,N213845
m_airrsgtc	dims_op_pl_eoweb1_XXXXB00000000429275549768	N213844,N213845
m_airrsgtc	dims_op_pl_eoweb1_XXXXB00000000429275549770	N213844,N213845
m_airrsgtc	dims_op_pl_eoweb1_XXXXB00000000429275549772	N213844
m_airrsgtc	dims_op_pl_eoweb1_XXXXB00000000439722629126	N538035,N538038,N538061,N538062,N538064,N538065
m_airrsgtc	dims_op_pl_eoweb1_XXXXB00000000439722629128	N538037,N538038,N538061,N538062,N538064,N538065
m_airrsgtc	dims_op_pl_eoweb1_XXXXB00000000439722629130	N538061,N538062,N538064,N538065
m_airrsgtc	dims_op_pl_eoweb1_XXXXB00000000439722629132	N538061,N538062,N538064,N538065
m_airrsgtc	dims_op_pl_eoweb1_XXXXB00000000439722629134	N538034,N538035,N538037,N538038,N538061,N538062
m_airrsgtc	dims_op_pl_eoweb1_XXXXB00000000439722629136	N538035,N538037,N538038,N538061,N538062
m_airrsgtc	dims_op_pl_eoweb1_XXXXB00000000439722629138	N538061,N538062,N538064,N538065
m_airrsgtc	dims_op_pl_eoweb1_XXXXB00000000439722629140	N538061,N538062,N538064,N538065
m_airrsgtc	dims_op_pl_eoweb1_XXXXB00000000439722629142	N538035,N538037,N538038,N538061,N538062
m_airrsgtc	dims_op_pl_eoweb1_XXXXB00000000439722629144	N538034,N538035,N538037,N538038,N538061,N538062
m_airrsgtc	dims_op_pl_eoweb1_XXXXB00000000439722629146	N535605,N535608,N535613,N535616
m_airrsgtc	dims_op_pl_eoweb1_XXXXB00000000439722629148	N535365,N535368,N535373,N535376
m_airrsgtc	dims_op_pl_eoweb1_XXXXB00000000439722629150	N535662,N535665
m_airrsgtc	dims_op_pl_eoweb1_XXXXB00000000439722629152	N535665,N535668
m_airrsgtc	dims_op_pl_eoweb1_XXXXB00000000439722629154	N535665,N535668,N538002
m_airrsgtc	dims_op_pl_eoweb1_XXXXB00000000439722629156	N535668,N538002,N538005
m_airrsgtc	dims_op_pl_eoweb1_XXXXB00000000439722629158	N538002,N538005
m_airrsgtc	dims_op_pl_eoweb1_XXXXB00000000439722629160	N538005,N538008
m_airrsgtc	dims_op_pl_eoweb1_XXXXB00000000439722629162	N538007,N538008,N538031,N538032
m_airrsgtc	dims_op_pl_eoweb1_XXXXB00000000439722629164	N538031,N538032,N538034,N538035
m_airrsgtc	dims_op_pl_eoweb1_XXXXB00000000439722629166	N543308
m_airrsgtc	dims_op_pl_eoweb1_XXXXB00000000439722629168	N543308
m_airrsgtc	dims_op_pl_eoweb1_XXXXB00000000439722629170	N543308
m_airrsgtc	dims_op_pl_eoweb1_XXXXB00000000439722629172	N543308
m_airrsgtc	dims_op_pl_eoweb1_XXXXB00000000439722629174	N543308
m_airrsgtc	dims_op_pl_eoweb1_XXXXB00000000439722629176	N543308
m_airrsgtc	dims_op_pl_eoweb1_XXXXB00000000439722629180	N543308
m_airrsgtc	dims_op_pl_eoweb1_XXXXB00000000439722629182	N543308
m_airrsgtc	dims_op_pl_eoweb1_XXXXB00000000439722629178	N538034,N538035,N538037,N538038
m_airrsgtc	dims_op_pl_eoweb1_XXXXB00000000439722629184	N543308
m_airrsgtc	dims_op_pl_eoweb1_XXXXB00000000439722629188	N543308
m_airrsgtc	dims_op_pl_eoweb1_XXXXB00000000439722629186	N543308
m_airrsgtc	dims_op_pl_eoweb1_XXXXB00000000439722629192	N543308
m_airrsgtc	dims_op_pl_eoweb1_XXXXB00000000439722629190	N538037,N538038,N538061,N538062
m_airrsgtc	dims_op_pl_eoweb1_XXXXB00000000439722629194	N535365,N535368,N535373,N535376,N535602,N535610
m_airrsgtc	dims_op_pl_eoweb1_XXXXB00000000439722629196	N543308
m_airrsgtc	dims_op_pl_eoweb1_XXXXB00000000439722629200	N535187,N535421
m_airrsgtc	dims_op_pl_eoweb1_XXXXB00000000439722629198	N538061,N538062,N538064,N538065
m_airrsgtc	dims_op_pl_eoweb1_XXXXB00000000439722629202	N538064,N538065,N538067,N538068
m_airrsgtc	dims_op_pl_eoweb1_XXXXB00000000439722629204	N535187,N535421
m_airrsgtc	dims_op_pl_eoweb1_XXXXB00000000439722629206	N535368,N535376,N535602,N535610
m_airrsgtc	dims_op_pl_eoweb1_XXXXB00000000439722629208	N543308
m_airrsgtc	dims_op_pl_eoweb1_XXXXB00000000439722629210	N543308
m_airrsgtc	dims_op_pl_eoweb1_XXXXB00000000439722629212	N535187,N535421
m_airrsgtc	dims_op_pl_eoweb1_XXXXB00000000439722629214	N535187,N535421
m_airrsgtc	dims_op_pl_eoweb1_XXXXB00000000439722629216	N535602,N535605,N535610,N535613
m_airrsgtc	dims_op_pl_eoweb1_XXXXB00000000439722629218	N535187,N535421
m_airrsgtc	dims_op_pl_eoweb1_XXXXB00000000439722629220	N535605,N535608,N535613,N535616
m_airrsgtc	dims_op_pl_eoweb1_XXXXB00000000439722629222	N535608,N535616,N535632,N535640
m_airrsgtc	dims_op_pl_eoweb1_XXXXB00000000439722629224	N535187,N535421
m_airrsgtc	dims_op_pl_eoweb1_XXXXB00000000439722629226	N535632,N535635
m_airrsgtc	dims_op_pl_eoweb1_XXXXB00000000439722629228	N535635,N535638
m_airrsgtc	dims_op_pl_eoweb1_XXXXB00000000439722629230	N538061,N538062,N538064,N538065
m_airrsgtc	dims_op_pl_eoweb1_XXXXB00000000439722629232	N535638,N535662
m_airrsgtc	dims_op_pl_eoweb1_XXXXB00000000439722629234	N535662,N535665
m_airrsgtc	dims_op_pl_eoweb1_XXXXB00000000439722629236	N535638,N535662,N535665
m_airrsgtc	dims_op_pl_eoweb1_XXXXB00000000439722629238	N535635,N535638,N535646,N535662
m_airrsgtc	dims_op_pl_eoweb1_XXXXB00000000439722629240	N535635,N535638,N535643,N535646
m_airrsgtc	dims_op_pl_eoweb1_XXXXB00000000439722629242	N535632,N535635,N535640,N535643
m_airrsgtc	dims_op_pl_eoweb1_XXXXB00000000439722629244	N535608,N535616,N535632,N535640
m_airrsgtc	dims_op_pl_eoweb1_XXXXB00000000439722629246	N535602,N535605,N535610,N535613
m_airrsgtc	dims_op_pl_eoweb1_XXXXB00000000439722629248	N535376,N535610
m_airrsgtc	dims_op_pl_eoweb1_XXXXB00000000439722629250	N535373,N535376
m_airrsgtc	dims_op_pl_eoweb1_XXXXB00000000439722629252	N538038,N538062
m_airrsgtc	dims_op_pl_eoweb1_XXXXB00000000439722629254	N538002,N538005
m_airrsgtc	dims_op_pl_eoweb1_XXXXB00000000439722629256	N535370,N535373
m_airrsgtc	dims_op_pl_eoweb1_XXXXB00000000439722629260	N543308
m_airrsgtc	dims_op_pl_eoweb1_XXXXB00000000439722629264	N543308
m_airrsgtc	dims_op_pl_eoweb1_XXXXB00000000439722629262	N543308
m_airrsgtc	dims_op_pl_eoweb1_XXXXB00000000439722629258	N538035,N538038
m_airrsgtc	dims_op_pl_eoweb1_XXXXB00000000439722629266	N535668,N538002
m_airrsgtc	dims_op_pl_eoweb1_XXXXB00000000439722629268	N538032,N538035
m_airrsgtc	dims_op_pl_eoweb1_XXXXB00000000439722629270	N535187,N535421
m_airrsgtc	dims_op_pl_eoweb1_XXXXB00000000439722629272	N535187,N535421
m_airrsgtc	dims_op_pl_eoweb1_XXXXB00000000439722629274	N535187,N535421
m_airrsgtc	dims_op_pl_eoweb1_XXXXB00000000439722629276	N535665,N535668
m_airrsgtc	dims_op_pl_eoweb1_XXXXB00000000439722629278	N535187,N535421
m_airrsgtc	dims_op_pl_eoweb1_XXXXB00000000439722629280	N535187,N535421
m_airrsgtc	dims_op_pl_eoweb1_XXXXB00000000439722629282	N535187,N535421
m_airrsgtc	dims_op_pl_eoweb1_XXXXB00000000439722629284	N538008,N538032
m_airrsgtc	dims_op_pl_eoweb1_XXXXB00000000439722629286	N535187,N535421
m_airrsgtc	dims_op_pl_eoweb1_XXXXB00000000439722629288	N535187,N535421
m_airrsgtc	dims_op_pl_eoweb1_XXXXB00000000439722629292	N535187,N535421
m_airrsgtc	dims_op_pl_eoweb1_XXXXB00000000439722629290	N538005,N538008
m_airrsgtc	dims_op_pl_eoweb1_XXXXB00000000439722629294	N535187,N535421
m_airrsgtc	dims_op_pl_eoweb1_XXXXB00000000439722629296	N534627,N534628,N534651,N534652
m_airrsgtc	dims_op_pl_eoweb1_XXXXB00000000439722629298	N534627,N534628,N534651,N534652
m_airrsgtc	dims_op_pl_eoweb1_XXXXB00000000439722629300	N561255,N561258
m_airrsgtc	dims_op_pl_eoweb1_XXXXB00000000439722629302	N561518,N561526,N561542
m_airrsgtc	dims_op_pl_eoweb1_XXXXB00000000439722629304	N561254,N561255,N561257,N561258
m_airrsgtc	dims_op_pl_eoweb1_XXXXB00000000439722629306	N561515,N561518,N561523,N561526
m_airrsgtc	dims_op_pl_eoweb1_XXXXB00000000439722629308	N561257,N561258,N561281
m_airrsgtc	dims_op_pl_eoweb1_XXXXB00000000439722629310	N561520,N561523
m_airrsgtc	dims_op_pl_eoweb1_XXXXB00000000439722629312	N561281,N561284
m_airrsgtc	dims_op_pl_eoweb1_XXXXB00000000439722629314	N561286,N561520
m_airrsgtc	dims_op_pl_eoweb1_XXXXB00000000439722629316	N561283,N561284,N561286,N561287
m_airrsgtc	dims_op_pl_eoweb1_XXXXB00000000439722629318	N561283,N561286,N561287,N561520
m_airrsgtc	dims_op_pl_eoweb1_XXXXB00000000439722629320	N561283,N561286,N561287,N561520
m_airrsgtc	dims_op_pl_eoweb1_XXXXB00000000439722629322	N534627,N534628,N534651,N534652
m_airrsgtc	dims_op_pl_eoweb1_XXXXB00000000439722629324	N534627,N534628,N534651,N534652
m_airrsgtc	dims_op_pl_eoweb1_XXXXB00000000439722629326	N561283,N561284,N561286,N561287
m_airrsgtc	dims_op_pl_eoweb1_XXXXB00000000439722629328	N561286,N561520
m_airrsgtc	dims_op_pl_eoweb1_XXXXB00000000439722629330	N561281,N561284
m_airrsgtc	dims_op_pl_eoweb1_XXXXB00000000439722629332	N561520,N561523
m_airrsgtc	dims_op_pl_eoweb1_XXXXB00000000439722629334	N561257,N561258,N561281
m_airrsgtc	dims_op_pl_eoweb1_XXXXB00000000439722629336	N561515,N561518,N561523,N561526
m_airrsgtc	dims_op_pl_eoweb1_XXXXB00000000439722629338	N532345,N532353,N532354,N532356,N532357
m_airrsgtc	dims_op_pl_eoweb1_XXXXB00000000439722629342	N532345,N532348,N532353,N532354,N532356,N532357
m_airrsgtc	dims_op_pl_eoweb1_XXXXB00000000439722629340	N561254,N561255,N561257,N561258
m_airrsgtc	dims_op_pl_eoweb1_XXXXB00000000439722629344	N532345,N532353,N532354,N532356,N532357
m_airrsgtc	dims_op_pl_eoweb1_XXXXB00000000439722629346	N561518,N561526,N561542
m_airrsgtc	dims_op_pl_eoweb1_XXXXB00000000439722629348	N561255,N561258
m_airrsgtc	dims_op_pl_eoweb1_XXXXB00000000439722629350	N532345,N532353,N532354,N532356,N532357
m_airrsgtc	dims_op_pl_eoweb1_XXXXB00000000439722629352	N532345,N532348,N532353,N532354,N532356,N532357
m_airrsgtc	dims_op_pl_eoweb1_XXXXB00000000439722629354	N532345,N532353,N532354,N532356,N532357
