m_airrsinf	dims_op_pl_eoweb1_XXXXB00000000321126830065	N214468,N214476,N214702,N214710
m_airrsinf	dims_op_pl_eoweb1_XXXXB00000000321126830067	N214483,N214484
m_airrsinf	dims_op_pl_eoweb1_XXXXB00000000344683259782	N214442,N214450
m_airrsinf	dims_op_pl_eoweb1_XXXXB00000000344683259787	N214267,N214500,N214501
m_airrsinf	dims_op_pl_eoweb1_XXXXB00000000344683259789	N214442,N214450
m_airrsinf	dims_op_pl_eoweb1_XXXXB00000000344683259791	N214267,N214500,N214501
m_airrsinf	dims_op_pl_eoweb1_XXXXB00000000344683259793	N214267,N214500,N214501
m_airrsinf	dims_op_pl_eoweb1_XXXXB00000000344683259795	N214266
m_airrsinf	dims_op_pl_eoweb1_XXXXB00000000344683259797	N214267,N214500,N214501
m_airrsinf	dims_op_pl_eoweb1_XXXXB00000000344683259802	N214266,N214267
m_airrsinf	dims_op_pl_eoweb1_XXXXB00000000344683259804	N214266
m_airrsinf	dims_op_pl_eoweb1_XXXXB00000000344683259806	N214266,N214267
m_airrsinf	dims_op_pl_eoweb1_XXXXB00000000344683259808	N214266,N214267
m_airrsinf	dims_op_pl_eoweb1_XXXXB00000000344683259878	N214266
m_airrsinf	dims_op_pl_eoweb1_XXXXB00000000355073735660	N216503,N216504,N216505
m_airrsinf	dims_op_pl_eoweb1_XXXXB00000000355073735665	N216503,N216504,N216505
m_airrsinf	dims_op_pl_eoweb1_XXXXB00000000355073735667	N216503,N216504,N216505
m_airrsinf	dims_op_pl_eoweb1_XXXXB00000000355073735669	N216503,N216504,N216505
m_airrsinf	dims_op_pl_eoweb1_XXXXB00000000355073735671	N216503,N216504,N216505
m_airrsinf	dims_op_pl_eoweb1_XXXXB00000000355073735673	N216503,N216504,N216505
m_airrsinf	dims_op_pl_eoweb1_XXXXB00000000355073735675	N216503,N216504,N216505
m_airrsinf	dims_op_pl_eoweb1_XXXXB00000000355073735680	N216503,N216504,N216505
m_airrsinf	dims_op_pl_eoweb1_XXXXB00000000355073735682	N216503,N216504,N216505
m_airrsinf	dims_op_pl_eoweb1_XXXXB00000000355073735684	N216503,N216504,N216505
m_airrsinf	dims_op_pl_eoweb1_XXXXB00000000355073735692	N216503,N216504,N216505
m_airrsinf	dims_op_pl_eoweb1_XXXXB00000000355073735697	N216503,N216504,N216505
m_airrsinf	dims_op_pl_eoweb1_XXXXB00000000355073735699	N216503,N216504,N216505
m_airrsinf	dims_op_pl_eoweb1_XXXXB00000000379978326901	N213844,N213845
m_airrsinf	dims_op_pl_eoweb1_XXXXB00000000379978326911	N213844,N213845
m_airrsinf	dims_op_pl_eoweb1_XXXXB00000000379978326913	N213844
m_airrsinf	dims_op_pl_eoweb1_XXXXB00000000379978326921	N213844,N213845
m_airrsinf	dims_op_pl_eoweb1_XXXXB00000000379978326923	N213844,N213845
m_airrsinf	dims_op_pl_eoweb1_XXXXB00000000379978326927	N213841,N213844,N213845
m_airrsinf	dims_op_pl_eoweb1_XXXXB00000000379978326929	N213841,N213844,N213845
m_airrsinf	dims_op_pl_eoweb1_XXXXB00000000379978326935	N213841,N213844,N213845
m_airrsinf	dims_op_pl_eoweb1_XXXXB00000000379978326937	N213844
m_airrsinf	dims_op_pl_eoweb1_XXXXB00000000379978326939	N213844
m_airrsinf	dims_op_pl_eoweb1_XXXXB00000000379978326941	N213844
m_airrsinf	dims_op_pl_eoweb1_XXXXB00000000379978326943	N213844
m_airrsinf	dims_op_pl_eoweb1_XXXXB00000000379978326945	N213844
m_airrsinf	dims_op_pl_eoweb1_XXXXB00000000379978326947	N213844
m_airrsinf	dims_op_pl_eoweb1_XXXXB00000000379978326949	N213844,N213845
m_airrsinf	dims_op_pl_eoweb1_XXXXB00000000379978326951	N213844
m_airrsinf	dims_op_pl_eoweb1_XXXXB00000000379978326953	N213844,N213845
m_airrsinf	dims_op_pl_eoweb1_XXXXB00000000379978326955	N213844,N213845
m_airrsinf	dims_op_pl_eoweb1_XXXXB00000000379978326957	N213844,N213845
m_airrsinf	dims_op_pl_eoweb1_XXXXB00000000379978326959	N213844,N213845
m_airrsinf	dims_op_pl_eoweb1_XXXXB00000000379978326961	N213841,N213844,N213845
m_airrsinf	dims_op_pl_eoweb1_XXXXB00000000379978326963	N213844,N213845
m_airrsinf	dims_op_pl_eoweb1_XXXXB00000000379978326965	N213841,N213844,N213845
m_airrsinf	dims_op_pl_eoweb1_XXXXB00000000379978326967	N213841,N213844,N213845
m_airrsinf	dims_op_pl_eoweb1_XXXXB00000000379978326969	N213841,N213844,N213845
m_airrsinf	dims_op_pl_eoweb1_XXXXB00000000379978326980	N213841,N213844,N213845
m_airrsinf	dims_op_pl_eoweb1_XXXXB00000000379978326999	N213841,N213844,N213845
m_airrsinf	dims_op_pl_eoweb1_XXXXB00000000379978327018	N213844
m_airrsinf	dims_op_pl_eoweb1_XXXXB00000000379978327016	N213841,N213844,N213845
m_airrsinf	dims_op_pl_eoweb1_XXXXB00000000379978327014	N213844
m_airrsinf	dims_op_pl_eoweb1_XXXXB00000000379978327010	N213841,N213844,N213845
m_airrsinf	dims_op_pl_eoweb1_XXXXB00000000379978327012	N213841,N213844,N213845
m_airrsinf	dims_op_pl_eoweb1_XXXXB00000000379978327008	N213841,N213844,N213845
m_airrsinf	dims_op_pl_eoweb1_XXXXB00000000379978327006	N213841,N213844,N213845
m_airrsinf	dims_op_pl_eoweb1_XXXXB00000000379978327004	N213841,N213844,N213845
m_airrsinf	dims_op_pl_eoweb1_XXXXB00000000379978327022	N213844
m_airrsinf	dims_op_pl_eoweb1_XXXXB00000000379978327020	N213841,N213844,N213845
m_airrsinf	dims_op_pl_eoweb1_XXXXB00000000379978327024	N213844
m_airrsinf	dims_op_pl_eoweb1_XXXXB00000000379978327026	N213844
m_airrsinf	dims_op_pl_eoweb1_XXXXB00000000379978327081	N213841,N213844,N213845
m_airrsinf	dims_op_pl_eoweb1_XXXXB00000000379978327085	N213841,N213844,N213845
m_airrsinf	dims_op_pl_eoweb1_XXXXB00000000379978327087	N213841,N213844,N213845
m_airrsinf	dims_op_pl_eoweb1_XXXXB00000000379978327091	N213844
m_airrsinf	dims_op_pl_eoweb1_XXXXB00000000379978327093	N213844
m_airrsinf	dims_op_pl_eoweb1_XXXXB00000000379978327095	N213841,N213844,N213845
m_airrsinf	dims_op_pl_eoweb1_XXXXB00000000379978327097	N213841,N213844,N213845
m_airrsinf	dims_op_pl_eoweb1_XXXXB00000000379978327099	N213841,N213844,N213845
m_airrsinf	dims_op_pl_eoweb1_XXXXB00000000379978327101	N213841,N213844,N213845
m_airrsinf	dims_op_pl_eoweb1_XXXXB00000000379978327103	N213841,N213844,N213845
m_airrsinf	dims_op_pl_eoweb1_XXXXB00000000379978327105	N213841,N213844,N213845
m_airrsinf	dims_op_pl_eoweb1_XXXXB00000000379978327109	N213844
m_airrsinf	dims_op_pl_eoweb1_XXXXB00000000379978327107	N213841,N213844,N213845
m_airrsinf	dims_op_pl_eoweb1_XXXXB00000000379978327111	N213841,N213844,N213845
m_airrsinf	dims_op_pl_eoweb1_XXXXB00000000379978327113	N213844,N213845
m_airrsinf	dims_op_pl_eoweb1_XXXXB00000000379978327115	N213844
m_airrsinf	dims_op_pl_eoweb1_XXXXB00000000379978327117	N213844,N213845
m_airrsinf	dims_op_pl_eoweb1_XXXXB00000000379978327119	N213844
m_airrsinf	dims_op_pl_eoweb1_XXXXB00000000379978327121	N213841,N213844,N213845
m_airrsinf	dims_op_pl_eoweb1_XXXXB00000000379978327133	N213841,N213844,N213845
m_airrsinf	dims_op_pl_eoweb1_XXXXB00000000379978327143	N213841,N213844,N213845
m_airrsinf	dims_op_pl_eoweb1_XXXXB00000000379978327167	N213841,N213844,N213845
m_airrsinf	dims_op_pl_eoweb1_XXXXB00000000379978327171	N213841,N213844,N213845
m_airrsinf	dims_op_pl_eoweb1_XXXXB00000000379978327173	N213841,N213844,N213845
m_airrsinf	dims_op_pl_eoweb1_XXXXB00000000379978327175	N213844
m_airrsinf	dims_op_pl_eoweb1_XXXXB00000000379978327177	N213844
m_airrsinf	dims_op_pl_eoweb1_XXXXB00000000379978327179	N213844
m_airrsinf	dims_op_pl_eoweb1_XXXXB00000000379978327181	N213844
m_airrsinf	dims_op_pl_eoweb1_XXXXB00000000379978327183	N213844
m_airrsinf	dims_op_pl_eoweb1_XXXXB00000000379978327185	N213844
m_airrsinf	dims_op_pl_eoweb1_XXXXB00000000379978327187	N213841,N213844,N213845
m_airrsinf	dims_op_pl_eoweb1_XXXXB00000000379978327189	N213844,N213845
m_airrsinf	dims_op_pl_eoweb1_XXXXB00000000379978327193	N213844
m_airrsinf	dims_op_pl_eoweb1_XXXXB00000000379978327191	N213844,N213845
m_airrsinf	dims_op_pl_eoweb1_XXXXB00000000379978327195	N213844
m_airrsinf	dims_op_pl_eoweb1_XXXXB00000000379978327239	N213841,N213844
m_airrsinf	dims_op_pl_eoweb1_XXXXB00000000379978327251	N213841,N213844,N213845
m_airrsinf	dims_op_pl_eoweb1_XXXXB00000000379978327262	N213844
m_airrsinf	dims_op_pl_eoweb1_XXXXB00000000379978327344	N213841,N213844,N213845
m_airrsinf	dims_op_pl_eoweb1_XXXXB00000000379978327351	N213841,N213844,N213845
m_airrsinf	dims_op_pl_eoweb1_XXXXB00000000379978327353	N213841,N213844,N213845
m_airrsinf	dims_op_pl_eoweb1_XXXXB00000000379978327355	N213841,N213844,N213845
m_airrsinf	dims_op_pl_eoweb1_XXXXB00000000379978327359	N213844
m_airrsinf	dims_op_pl_eoweb1_XXXXB00000000379978327361	N213844
m_airrsinf	dims_op_pl_eoweb1_XXXXB00000000379978327363	N213844
m_airrsinf	dims_op_pl_eoweb1_XXXXB00000000379978327365	N213844
m_airrsinf	dims_op_pl_eoweb1_XXXXB00000000379978327369	N213841,N213844,N213845
m_airrsinf	dims_op_pl_eoweb1_XXXXB00000000379978327371	N213844,N213845
m_airrsinf	dims_op_pl_eoweb1_XXXXB00000000379978327377	N213844
m_airrsinf	dims_op_pl_eoweb1_XXXXB00000000379978327373	N213841,N213844,N213845
m_airrsinf	dims_op_pl_eoweb1_XXXXB00000000379978327375	N213841,N213844,N213845
m_airrsinf	dims_op_pl_eoweb1_XXXXB00000000379978327381	N213841,N213844,N213845
m_airrsinf	dims_op_pl_eoweb1_XXXXB00000000379978327383	N213841,N213844,N213845
m_airrsinf	dims_op_pl_eoweb1_XXXXB00000000379978327390	N213841,N213844,N213845
m_airrsinf	dims_op_pl_eoweb1_XXXXB00000000379978327392	N213841,N213844,N213845
m_airrsinf	dims_op_pl_eoweb1_XXXXB00000000379978327394	N213844,N213845
m_airrsinf	dims_op_pl_eoweb1_XXXXB00000000379978327396	N213841,N213842,N213844,N213845
m_airrsinf	dims_op_pl_eoweb1_XXXXB00000000379978327398	N213841,N213842,N213844,N213845
m_airrsinf	dims_op_pl_eoweb1_XXXXB00000000379978327405	N213841,N213842,N213844,N213845
m_airrsinf	dims_op_pl_eoweb1_XXXXB00000000379978327407	N213841,N213844,N213845
m_airrsinf	dims_op_pl_eoweb1_XXXXB00000000379978327409	N213841,N213844,N213845
m_airrsinf	dims_op_pl_eoweb1_XXXXB00000000379978327415	N213841,N213844,N213845
m_airrsinf	dims_op_pl_eoweb1_XXXXB00000000379978327430	N213844
m_airrsinf	dims_op_pl_eoweb1_XXXXB00000000379978327428	N213841,N213844,N213845
m_airrsinf	dims_op_pl_eoweb1_XXXXB00000000379978327434	N213844
m_airrsinf	dims_op_pl_eoweb1_XXXXB00000000379978327436	N213844
m_airrsinf	dims_op_pl_eoweb1_XXXXB00000000379978327441	N213844
m_airrsinf	dims_op_pl_eoweb1_XXXXB00000000379978327451	N213844
m_airrsinf	dims_op_pl_eoweb1_XXXXB00000000379978327455	N213844,N213845
m_airrsinf	dims_op_pl_eoweb1_XXXXB00000000379978327461	N213844
m_airrsinf	dims_op_pl_eoweb1_XXXXB00000000379978327468	N213844
m_airrsinf	dims_op_pl_eoweb1_XXXXB00000000379978327475	N213844
m_airrsinf	dims_op_pl_eoweb1_XXXXB00000000379978327473	N213844
m_airrsinf	dims_op_pl_eoweb1_XXXXB00000000379978327488	N213844
m_airrsinf	dims_op_pl_eoweb1_XXXXB00000000379978327484	N213841,N213844
m_airrsinf	dims_op_pl_eoweb1_XXXXB00000000379978327492	N213841,N213844,N213845
m_airrsinf	dims_op_pl_eoweb1_XXXXB00000000379978327496	N213844,N213845
m_airrsinf	dims_op_pl_eoweb1_XXXXB00000000379978327500	N213841,N213842,N213844,N213845
m_airrsinf	dims_op_pl_eoweb1_XXXXB00000000379978327504	N213844,N213845
m_airrsinf	dims_op_pl_eoweb1_XXXXB00000000379978327508	N213844
m_airrsinf	dims_op_pl_eoweb1_XXXXB00000000379978327510	N213844,N213845
m_airrsinf	dims_op_pl_eoweb1_XXXXB00000000379978327512	N213844,N213845
m_airrsinf	dims_op_pl_eoweb1_XXXXB00000000379978327514	N213841,N213844,N213845
m_airrsinf	dims_op_pl_eoweb1_XXXXB00000000379978327518	N213844
m_airrsinf	dims_op_pl_eoweb1_XXXXB00000000379978327520	N213841,N213844,N213845
m_airrsinf	dims_op_pl_eoweb1_XXXXB00000000379978327522	N213844,N213845
m_airrsinf	dims_op_pl_eoweb1_XXXXB00000000379978327532	N213844
m_airrsinf	dims_op_pl_eoweb1_XXXXB00000000379978327526	N213844
m_airrsinf	dims_op_pl_eoweb1_XXXXB00000000379978327534	N213844
m_airrsinf	dims_op_pl_eoweb1_XXXXB00000000379978327544	N213844,N213845
m_airrsinf	dims_op_pl_eoweb1_XXXXB00000000379978327546	N213841,N213844,N213845
m_airrsinf	dims_op_pl_eoweb1_XXXXB00000000396096883552	N215165,N215170,N215173
m_airrsinf	dims_op_pl_eoweb1_XXXXB00000000396096883554	N215165,N215170,N215173
m_airrsinf	dims_op_pl_eoweb1_XXXXB00000000396096883556	N215165,N215170,N215173
m_airrsinf	dims_op_pl_eoweb1_XXXXB00000000396096883558	N215165,N215170,N215173
m_airrsinf	dims_op_pl_eoweb1_XXXXB00000000396096883560	N215165,N215170,N215173
m_airrsinf	dims_op_pl_eoweb1_XXXXB00000000396096883562	N215165,N215170,N215173
m_airrsinf	dims_op_pl_eoweb1_XXXXB00000000396096883564	N215207,N215208
m_airrsinf	dims_op_pl_eoweb1_XXXXB00000000396096883566	N215207,N215208
m_airrsinf	dims_op_pl_eoweb1_XXXXB00000000396096883568	N215207,N215208
m_airrsinf	dims_op_pl_eoweb1_XXXXB00000000396096883572	N215207,N215208
m_airrsinf	dims_op_pl_eoweb1_XXXXB00000000396096883570	N215207,N215208
m_airrsinf	dims_op_pl_eoweb1_XXXXB00000000396096883574	N215207,N215208
m_airrsinf	dims_op_pl_eoweb1_XXXXB00000000396096883576	N215207,N215208
m_airrsinf	dims_op_pl_eoweb1_XXXXB00000000396096883578	N215207,N215208
m_airrsinf	dims_op_pl_eoweb1_XXXXB00000000396096883580	N215207,N215208
m_airrsinf	dims_op_pl_eoweb1_XXXXB00000000396096883582	N215207,N215208
m_airrsinf	dims_op_pl_eoweb1_XXXXB00000000396775808270	N215207,N215208
m_airrsinf	dims_op_pl_eoweb1_XXXXB00000000396775808272	N215207,N215208
m_airrsinf	dims_op_pl_eoweb1_XXXXB00000000396775808274	N215207,N215208
m_airrsinf	dims_op_pl_eoweb1_XXXXB00000000396775808276	N215207,N215208
m_airrsinf	dims_op_pl_eoweb1_XXXXB00000000396775808278	N215207,N215208
m_airrsinf	dims_op_pl_eoweb1_XXXXB00000000396775808280	N215207,N215208
m_airrsinf	dims_op_pl_eoweb1_XXXXB00000000396775808282	N215207,N215208
m_airrsinf	dims_op_pl_eoweb1_XXXXB00000000396775808284	N215207,N215208
m_airrsinf	dims_op_pl_eoweb1_XXXXB00000000396775808286	N215207,N215208
m_airrsinf	dims_op_pl_eoweb1_XXXXB00000000396775808288	N215207,N215208
m_airrsinf	dims_op_pl_eoweb1_XXXXB00000000396775808290	N215207,N215208
m_airrsinf	dims_op_pl_eoweb1_XXXXB00000000396775808292	N215207,N215208
m_airrsinf	dims_op_pl_eoweb1_XXXXB00000000396775808294	N215207,N215208
m_airrsinf	dims_op_pl_eoweb1_XXXXB00000000396775808300	N215207,N215208
m_airrsinf	dims_op_pl_eoweb1_XXXXB00000000396775808302	N215207,N215208
m_airrsinf	dims_op_pl_eoweb1_XXXXB00000000396775808304	N215207,N215208
m_airrsinf	dims_op_pl_eoweb1_XXXXB00000000396775808328	N215207,N215208
m_airrsinf	dims_op_pl_eoweb1_XXXXB00000000396775808330	N215207,N215208
m_airrsinf	dims_op_pl_eoweb1_XXXXB00000000396775808332	N215207,N215208
m_airrsinf	dims_op_pl_eoweb1_XXXXB00000000396775808334	N215207,N215208
m_airrsinf	dims_op_pl_eoweb1_XXXXB00000000396775808336	N215207,N215208
m_airrsinf	dims_op_pl_eoweb1_XXXXB00000000396775808338	N215207,N215208
m_airrsinf	dims_op_pl_eoweb1_XXXXB00000000396775808342	N215207,N215208
m_airrsinf	dims_op_pl_eoweb1_XXXXB00000000443788543769	N216503,N216504,N216505
m_airrsinf	dims_op_pl_eoweb1_XXXXB00000000443788543768	N216503,N216504,N216505
m_airrsinf	dims_op_pl_eoweb1_XXXXB00000000443788543772	N216503,N216504,N216505
m_airrsinf	dims_op_pl_eoweb1_XXXXB00000000443788543774	N216503,N216504,N216505
m_airrsinf	dims_op_pl_eoweb1_XXXXB00000000443788544443	N216503,N216504,N216505
m_airrsinf	dims_op_pl_eoweb1_XXXXB00000000443788544445	N216503,N216504,N216505
m_airrsinf	dims_op_pl_eoweb1_XXXXB00000000443788544447	N216503,N216504,N216505
m_airrsinf	dims_op_pl_eoweb1_XXXXB00000000443788544449	N216503,N216504,N216505
m_airrsinf	dims_op_pl_eoweb1_XXXXB00000000423303258401	N502588,N502822,N502825
m_airrsinf	dims_op_pl_eoweb1_XXXXB00000000423303258403	N502588,N502822,N502825
m_airrsinf	dims_op_pl_eoweb1_XXXXB00000000423303258405	N502545,N502547,N502548
m_airrsinf	dims_op_pl_eoweb1_XXXXB00000000423303258409	N502544,N502545,N502547,N502548
m_airrsinf	dims_op_pl_eoweb1_XXXXB00000000423303258413	N502545,N502547,N502548
m_airrsinf	dims_op_pl_eoweb1_XXXXB00000000423303258415	N502544,N502545,N502547,N502548
m_airrsinf	dims_op_pl_eoweb1_XXXXB00000000423303258417	N502227,N502250,N502251,N502253,N502254
m_airrsinf	dims_op_pl_eoweb1_XXXXB00000000423303258423	N502227,N502250,N502251,N502253
m_airrsinf	dims_op_pl_eoweb1_XXXXB00000000423303258425	N502227,N502250,N502251,N502253,N502254
m_airrsinf	dims_op_pl_eoweb1_XXXXB00000000423303258431	N502227,N502250,N502251,N502253
m_airrsinf	dims_op_pl_eoweb1_XXXXB00000000423303258437	N502227,N502250,N502251,N502253,N502254
m_airrsinf	dims_op_pl_eoweb1_XXXXB00000000423303258441	N502227,N502250,N502251,N502253
m_airrsinf	dims_op_pl_eoweb1_XXXXB00000000423303258443	N502227,N502250,N502251,N502253,N502254
m_airrsinf	dims_op_pl_eoweb1_XXXXB00000000423303258445	N502227,N502250,N502251,N502253
m_airrsinf	dims_op_pl_eoweb1_XXXXB00000000423303258451	N502227,N502250,N502251,N502253,N502254
m_airrsinf	dims_op_pl_eoweb1_XXXXB00000000423303258455	N502227,N502250,N502251,N502253
m_airrsinf	dims_op_pl_eoweb1_XXXXB00000000423303258457	N502588,N502822,N502825
m_airrsinf	dims_op_pl_eoweb1_XXXXB00000000423303258459	N502588,N502822,N502825
m_airrsinf	dims_op_pl_eoweb1_XXXXB00000000429275549596	N213844
m_airrsinf	dims_op_pl_eoweb1_XXXXB00000000429275549598	N213844
m_airrsinf	dims_op_pl_eoweb1_XXXXB00000000429275549600	N213844
m_airrsinf	dims_op_pl_eoweb1_XXXXB00000000429275549602	N213844
m_airrsinf	dims_op_pl_eoweb1_XXXXB00000000429275549604	N213844
m_airrsinf	dims_op_pl_eoweb1_XXXXB00000000429275549606	N213844
m_airrsinf	dims_op_pl_eoweb1_XXXXB00000000429275549608	N213844
m_airrsinf	dims_op_pl_eoweb1_XXXXB00000000429275549610	N213844
m_airrsinf	dims_op_pl_eoweb1_XXXXB00000000429275549612	N213844
m_airrsinf	dims_op_pl_eoweb1_XXXXB00000000429275549614	N213844
m_airrsinf	dims_op_pl_eoweb1_XXXXB00000000429275549616	N213844
m_airrsinf	dims_op_pl_eoweb1_XXXXB00000000429275549618	N213844
m_airrsinf	dims_op_pl_eoweb1_XXXXB00000000429275549620	N213844
m_airrsinf	dims_op_pl_eoweb1_XXXXB00000000429275549622	N213844
m_airrsinf	dims_op_pl_eoweb1_XXXXB00000000429275549624	N213844
m_airrsinf	dims_op_pl_eoweb1_XXXXB00000000429275549626	N213844
m_airrsinf	dims_op_pl_eoweb1_XXXXB00000000429275549628	N213844
m_airrsinf	dims_op_pl_eoweb1_XXXXB00000000429275549630	N213844
m_airrsinf	dims_op_pl_eoweb1_XXXXB00000000429275549632	N213844
m_airrsinf	dims_op_pl_eoweb1_XXXXB00000000429275549664	N213844,N213845
m_airrsinf	dims_op_pl_eoweb1_XXXXB00000000429275549666	N213844,N213845
m_airrsinf	dims_op_pl_eoweb1_XXXXB00000000429275549668	N213844,N213845
m_airrsinf	dims_op_pl_eoweb1_XXXXB00000000429275549670	N213844,N213845
m_airrsinf	dims_op_pl_eoweb1_XXXXB00000000429275549672	N213844,N213845
m_airrsinf	dims_op_pl_eoweb1_XXXXB00000000429275549676	N213844,N213845
m_airrsinf	dims_op_pl_eoweb1_XXXXB00000000429275549684	N213844,N213845
m_airrsinf	dims_op_pl_eoweb1_XXXXB00000000429275549686	N213844,N213845
m_airrsinf	dims_op_pl_eoweb1_XXXXB00000000429275549692	N213844,N213845
m_airrsinf	dims_op_pl_eoweb1_XXXXB00000000429275549694	N213844,N213845
m_airrsinf	dims_op_pl_eoweb1_XXXXB00000000429275549696	N213844,N213845
m_airrsinf	dims_op_pl_eoweb1_XXXXB00000000429275549698	N213844,N213845
m_airrsinf	dims_op_pl_eoweb1_XXXXB00000000429275549700	N213844,N213845
m_airrsinf	dims_op_pl_eoweb1_XXXXB00000000429275549702	N213844,N213845
m_airrsinf	dims_op_pl_eoweb1_XXXXB00000000439722629356	N538035,N538037,N538038,N538061,N538062
m_airrsinf	dims_op_pl_eoweb1_XXXXB00000000439722629358	N538034,N538035,N538037,N538038,N538061,N538062
m_airrsinf	dims_op_pl_eoweb1_XXXXB00000000439722629360	N538035,N538037,N538038,N538061,N538062
m_airrsinf	dims_op_pl_eoweb1_XXXXB00000000439722629362	N538035,N538037,N538038,N538061,N538062
m_airrsinf	dims_op_pl_eoweb1_XXXXB00000000439722629364	N538035,N538037,N538038,N538061,N538062
m_airrsinf	dims_op_pl_eoweb1_XXXXB00000000439722629366	N538061,N538062,N538064,N538065
m_airrsinf	dims_op_pl_eoweb1_XXXXB00000000439722629370	N538035,N538037,N538038,N538061,N538062
m_airrsinf	dims_op_pl_eoweb1_XXXXB00000000439722629368	N538035,N538037,N538038,N538061,N538062
m_airrsinf	dims_op_pl_eoweb1_XXXXB00000000439722629372	N538061,N538062,N538064,N538065
m_airrsinf	dims_op_pl_eoweb1_XXXXB00000000439722629374	N538061,N538062,N538064,N538065
m_airrsinf	dims_op_pl_eoweb1_XXXXB00000000439722629376	N538061,N538062,N538064,N538065
m_airrsinf	dims_op_pl_eoweb1_XXXXB00000000439722629378	N538061,N538062,N538064,N538065
m_airrsinf	dims_op_pl_eoweb1_XXXXB00000000439722629380	N538061,N538062,N538064,N538065
m_airrsinf	dims_op_pl_eoweb1_XXXXB00000000439722629382	N538061,N538062,N538064,N538065
m_airrsinf	dims_op_pl_eoweb1_XXXXB00000000439722629384	N538061,N538062,N538064,N538065
m_airrsinf	dims_op_pl_eoweb1_XXXXB00000000439722629386	N538061,N538062,N538064,N538065
m_airrsinf	dims_op_pl_eoweb1_XXXXB00000000439722629388	N538061,N538062,N538064,N538065
m_airrsinf	dims_op_pl_eoweb1_XXXXB00000000439722629390	N538034,N538035,N538037,N538038,N538061,N538062
m_airrsinf	dims_op_pl_eoweb1_XXXXB00000000439722629392	N538061,N538062,N538064,N538065
m_airrsinf	dims_op_pl_eoweb1_XXXXB00000000439722629394	N538034,N538035,N538037,N538038,N538061,N538062
m_airrsinf	dims_op_pl_eoweb1_XXXXB00000000439722629396	N538034,N538035,N538037,N538038,N538061,N538062
m_airrsinf	dims_op_pl_eoweb1_XXXXB00000000439722629398	N538034,N538035,N538037,N538038,N538061,N538062
m_airrsinf	dims_op_pl_eoweb1_XXXXB00000000439722629400	N538061,N538062,N538064,N538065
m_airrsinf	dims_op_pl_eoweb1_XXXXB00000000439722629402	N538034,N538035,N538037,N538038,N538061,N538062
m_airrsinf	dims_op_pl_eoweb1_XXXXB00000000439722629404	N538061,N538062,N538064,N538065
m_airrsinf	dims_op_pl_eoweb1_XXXXB00000000439722629406	N538061,N538062,N538064,N538065
m_airrsinf	dims_op_pl_eoweb1_XXXXB00000000439722629408	N538035,N538037,N538038,N538061,N538062
m_airrsinf	dims_op_pl_eoweb1_XXXXB00000000439722629410	N538035,N538037,N538038,N538061,N538062,N538064,N538065
m_airrsinf	dims_op_pl_eoweb1_XXXXB00000000439722629412	N538034,N538035,N538037,N538038,N538061,N538062
m_airrsinf	dims_op_pl_eoweb1_XXXXB00000000439722629414	N538061,N538062,N538064,N538065
m_airrsinf	dims_op_pl_eoweb1_XXXXB00000000439722629416	N538061,N538062,N538064,N538065
m_airrsinf	dims_op_pl_eoweb1_XXXXB00000000439722629418	N538037,N538038,N538061,N538062,N538064,N538065
m_airrsinf	dims_op_pl_eoweb1_XXXXB00000000439722629420	N538035,N538037,N538038,N538061,N538062
m_airrsinf	dims_op_pl_eoweb1_XXXXB00000000439722629422	N538034,N538035,N538037,N538038,N538061,N538062
m_airrsinf	dims_op_pl_eoweb1_XXXXB00000000439722629424	N538061,N538062,N538064,N538065
m_airrsinf	dims_op_pl_eoweb1_XXXXB00000000439722629426	N538035,N538037,N538038,N538061,N538062,N538064,N538065
m_airrsinf	dims_op_pl_eoweb1_XXXXB00000000439722629430	N538061,N538062,N538064,N538065
m_airrsinf	dims_op_pl_eoweb1_XXXXB00000000439722629428	N538037,N538038,N538061,N538062,N538064,N538065
m_airrsinf	dims_op_pl_eoweb1_XXXXB00000000439722629432	N538035,N538038,N538061,N538062,N538064,N538065
m_airrsinf	dims_op_pl_eoweb1_XXXXB00000000439722629434	N538037,N538038,N538061,N538062,N538064,N538065
m_airrsinf	dims_op_pl_eoweb1_XXXXB00000000439722629436	N538035,N538037,N538038,N538061,N538062
m_airrsinf	dims_op_pl_eoweb1_XXXXB00000000439722629438	N538035,N538038,N538061,N538062,N538064,N538065
m_airrsinf	dims_op_pl_eoweb1_XXXXB00000000439722629440	N538037,N538038,N538061,N538062,N538064,N538065
m_airrsinf	dims_op_pl_eoweb1_XXXXB00000000439722629442	N543308
m_airrsinf	dims_op_pl_eoweb1_XXXXB00000000439722629444	N543308
m_airrsinf	dims_op_pl_eoweb1_XXXXB00000000439722629450	N538034,N538035,N538037,N538038,N538061,N538062
m_airrsinf	dims_op_pl_eoweb1_XXXXB00000000439722629446	N543308
m_airrsinf	dims_op_pl_eoweb1_XXXXB00000000439722629448	N543308
m_airrsinf	dims_op_pl_eoweb1_XXXXB00000000439722629452	N543308
m_airrsinf	dims_op_pl_eoweb1_XXXXB00000000439722629454	N538035,N538038,N538061,N538062,N538064,N538065
m_airrsinf	dims_op_pl_eoweb1_XXXXB00000000439722629456	N543308
m_airrsinf	dims_op_pl_eoweb1_XXXXB00000000439722629458	N543308
m_airrsinf	dims_op_pl_eoweb1_XXXXB00000000439722629460	N543308
m_airrsinf	dims_op_pl_eoweb1_XXXXB00000000439722629462	N543308
m_airrsinf	dims_op_pl_eoweb1_XXXXB00000000439722629464	N543308
m_airrsinf	dims_op_pl_eoweb1_XXXXB00000000439722629466	N543308
m_airrsinf	dims_op_pl_eoweb1_XXXXB00000000439722629468	N543308
m_airrsinf	dims_op_pl_eoweb1_XXXXB00000000439722629470	N538037,N538038,N538061,N538062,N538064,N538065
m_airrsinf	dims_op_pl_eoweb1_XXXXB00000000439722629472	N543308
m_airrsinf	dims_op_pl_eoweb1_XXXXB00000000439722629474	N538035,N538038,N538061,N538062,N538064,N538065
m_airrsinf	dims_op_pl_eoweb1_XXXXB00000000439722629476	N543308
m_airrsinf	dims_op_pl_eoweb1_XXXXB00000000439722629478	N538037,N538038,N538061,N538062,N538064,N538065
m_airrsinf	dims_op_pl_eoweb1_XXXXB00000000439722629480	N543308
m_airrsinf	dims_op_pl_eoweb1_XXXXB00000000439722629482	N538035,N538037,N538038,N538061,N538062,N538064,N538065
m_airrsinf	dims_op_pl_eoweb1_XXXXB00000000439722629484	N538037,N538038,N538061,N538062,N538064,N538065
m_airrsinf	dims_op_pl_eoweb1_XXXXB00000000439722629486	N543308
m_airrsinf	dims_op_pl_eoweb1_XXXXB00000000439722629488	N543308
m_airrsinf	dims_op_pl_eoweb1_XXXXB00000000439722629490	N535187,N535421
m_airrsinf	dims_op_pl_eoweb1_XXXXB00000000439722629492	N535187,N535421
m_airrsinf	dims_op_pl_eoweb1_XXXXB00000000439722629496	N534627,N534628,N534651,N534652
m_airrsinf	dims_op_pl_eoweb1_XXXXB00000000439722629498	N534627,N534628,N534651,N534652
m_airrsinf	dims_op_pl_eoweb1_XXXXB00000000439722629494	N543308
m_airrsinf	dims_op_pl_eoweb1_XXXXB00000000439722629500	N543308
m_airrsinf	dims_op_pl_eoweb1_XXXXB00000000439722629502	N543308
m_airrsinf	dims_op_pl_eoweb1_XXXXB00000000439722629504	N534627,N534628,N534651,N534652
m_airrsinf	dims_op_pl_eoweb1_XXXXB00000000439722629506	N543308
m_airrsinf	dims_op_pl_eoweb1_XXXXB00000000439722629508	N543308
m_airrsinf	dims_op_pl_eoweb1_XXXXB00000000439722629510	N534627,N534628,N534651,N534652
m_airrsinf	dims_op_pl_eoweb1_XXXXB00000000439722629512	N534627,N534628,N534651,N534652
m_airrsinf	dims_op_pl_eoweb1_XXXXB00000000439722629514	N534627,N534628,N534651,N534652
m_airrsinf	dims_op_pl_eoweb1_XXXXB00000000439722629516	N534627,N534628,N534651,N534652
m_airrsinf	dims_op_pl_eoweb1_XXXXB00000000439722629518	N534627,N534628,N534651,N534652
m_airrsinf	dims_op_pl_eoweb1_XXXXB00000000439722629520	N534627,N534628,N534651,N534652
m_airrsinf	dims_op_pl_eoweb1_XXXXB00000000439722629522	N534627,N534628,N534651,N534652
m_airrsinf	dims_op_pl_eoweb1_XXXXB00000000439722629524	N534627,N534628,N534651,N534652
m_airrsinf	dims_op_pl_eoweb1_XXXXB00000000439722629526	N534627,N534628,N534651,N534652
m_airrsinf	dims_op_pl_eoweb1_XXXXB00000000439722629528	N534627,N534628,N534651,N534652
m_airrsinf	dims_op_pl_eoweb1_XXXXB00000000439722629530	N534627,N534628,N534651,N534652
m_airrsinf	dims_op_pl_eoweb1_XXXXB00000000439722629532	N534627,N534628,N534651,N534652
m_airrsinf	dims_op_pl_eoweb1_XXXXB00000000439722629534	N534627,N534628,N534651,N534652
m_airrsinf	dims_op_pl_eoweb1_XXXXB00000000439722629536	N534627,N534628,N534651,N534652
m_airrsinf	dims_op_pl_eoweb1_XXXXB00000000439722629538	N534627,N534628,N534651,N534652
m_airrsinf	dims_op_pl_eoweb1_XXXXB00000000439722629540	N534627,N534628,N534651,N534652
m_airrsinf	dims_op_pl_eoweb1_XXXXB00000000439722629542	N534627,N534628,N534651,N534652
m_airrsinf	dims_op_pl_eoweb1_XXXXB00000000439722629544	N534627,N534628,N534651,N534652
m_airrsinf	dims_op_pl_eoweb1_XXXXB00000000439722629546	N534627,N534628,N534651,N534652
m_airrsinf	dims_op_pl_eoweb1_XXXXB00000000439722629548	N534627,N534628,N534651,N534652
m_airrsinf	dims_op_pl_eoweb1_XXXXB00000000439722629550	N543308
m_airrsinf	dims_op_pl_eoweb1_XXXXB00000000439722629552	N534627,N534628,N534651,N534652
m_airrsinf	dims_op_pl_eoweb1_XXXXB00000000439722629554	N534627,N534628,N534651,N534652
m_airrsinf	dims_op_pl_eoweb1_XXXXB00000000439722629558	N534627,N534628,N534651,N534652
m_airrsinf	dims_op_pl_eoweb1_XXXXB00000000439722629556	N534627,N534628,N534651,N534652
m_airrsinf	dims_op_pl_eoweb1_XXXXB00000000439722629560	N535187,N535421
m_airrsinf	dims_op_pl_eoweb1_XXXXB00000000439722629562	N534627,N534628,N534651,N534652
m_airrsinf	dims_op_pl_eoweb1_XXXXB00000000439722629564	N534627,N534628,N534651,N534652
m_airrsinf	dims_op_pl_eoweb1_XXXXB00000000439722629566	N534627,N534628,N534651,N534652
m_airrsinf	dims_op_pl_eoweb1_XXXXB00000000439722629568	N534627,N534628,N534651,N534652
m_airrsinf	dims_op_pl_eoweb1_XXXXB00000000439722629570	N534627,N534628,N534651,N534652
m_airrsinf	dims_op_pl_eoweb1_XXXXB00000000439722629572	N535187,N535421
m_airrsinf	dims_op_pl_eoweb1_XXXXB00000000439722629574	N535187,N535421
m_airrsinf	dims_op_pl_eoweb1_XXXXB00000000439722629576	N532345,N532353,N532354,N532356,N532357
m_airrsinf	dims_op_pl_eoweb1_XXXXB00000000439722629578	N535187,N535421
m_airrsinf	dims_op_pl_eoweb1_XXXXB00000000439722629580	N535187,N535421
m_airrsinf	dims_op_pl_eoweb1_XXXXB00000000439722629582	N543308
m_airrsinf	dims_op_pl_eoweb1_XXXXB00000000439722629584	N543308
m_airrsinf	dims_op_pl_eoweb1_XXXXB00000000439722629586	N532345,N532353,N532354,N532356,N532357
m_airrsinf	dims_op_pl_eoweb1_XXXXB00000000439722629588	N543308
m_airrsinf	dims_op_pl_eoweb1_XXXXB00000000439722629590	N543308
m_airrsinf	dims_op_pl_eoweb1_XXXXB00000000439722629592	N535187,N535421
m_airrsinf	dims_op_pl_eoweb1_XXXXB00000000439722629594	N543308
m_airrsinf	dims_op_pl_eoweb1_XXXXB00000000439722629596	N532345,N532353,N532354,N532356,N532357
m_airrsinf	dims_op_pl_eoweb1_XXXXB00000000439722629600	N535187,N535421
m_airrsinf	dims_op_pl_eoweb1_XXXXB00000000439722629598	N543308
m_airrsinf	dims_op_pl_eoweb1_XXXXB00000000439722629602	N534627,N534628,N534651,N534652
m_airrsinf	dims_op_pl_eoweb1_XXXXB00000000439722629604	N543308
m_airrsinf	dims_op_pl_eoweb1_XXXXB00000000439722629606	N561254,N561255,N561257,N561258
m_airrsinf	dims_op_pl_eoweb1_XXXXB00000000439722629608	N532345,N532353,N532354,N532356,N532357
m_airrsinf	dims_op_pl_eoweb1_XXXXB00000000439722629610	N543308
m_airrsinf	dims_op_pl_eoweb1_XXXXB00000000439722629612	N561257,N561258,N561281
m_airrsinf	dims_op_pl_eoweb1_XXXXB00000000439722629614	N532345,N532353,N532354,N532356,N532357
m_airrsinf	dims_op_pl_eoweb1_XXXXB00000000439722629616	N532345,N532348,N532353,N532354,N532356,N532357
m_airrsinf	dims_op_pl_eoweb1_XXXXB00000000439722629618	N532345,N532353,N532354,N532356,N532357
m_airrsinf	dims_op_pl_eoweb1_XXXXB00000000439722629620	N561515,N561518,N561523,N561526
m_airrsinf	dims_op_pl_eoweb1_XXXXB00000000439722629624	N534627,N534628,N534651,N534652
m_airrsinf	dims_op_pl_eoweb1_XXXXB00000000439722629622	N543308
m_airrsinf	dims_op_pl_eoweb1_XXXXB00000000439722629626	N534627,N534628,N534651,N534652
m_airrsinf	dims_op_pl_eoweb1_XXXXB00000000439722629628	N561518,N561526,N561542
m_airrsinf	dims_op_pl_eoweb1_XXXXB00000000439722629632	N535187,N535421
m_airrsinf	dims_op_pl_eoweb1_XXXXB00000000439722629630	N543308
m_airrsinf	dims_op_pl_eoweb1_XXXXB00000000439722629634	N534627,N534628,N534651,N534652
m_airrsinf	dims_op_pl_eoweb1_XXXXB00000000439722629638	N543308
m_airrsinf	dims_op_pl_eoweb1_XXXXB00000000439722629636	N561255,N561258
m_airrsinf	dims_op_pl_eoweb1_XXXXB00000000439722629640	N534627,N534628,N534651,N534652
m_airrsinf	dims_op_pl_eoweb1_XXXXB00000000439722629642	N535187,N535421
m_airrsinf	dims_op_pl_eoweb1_XXXXB00000000439722629644	N543308
m_airrsinf	dims_op_pl_eoweb1_XXXXB00000000439722629646	N543308
m_airrsinf	dims_op_pl_eoweb1_XXXXB00000000439722629648	N534627,N534628,N534651,N534652
m_airrsinf	dims_op_pl_eoweb1_XXXXB00000000439722629650	N534627,N534628,N534651,N534652
m_airrsinf	dims_op_pl_eoweb1_XXXXB00000000439722629652	N534627,N534628,N534651,N534652
m_airrsinf	dims_op_pl_eoweb1_XXXXB00000000439722629654	N534627,N534628,N534651,N534652
m_airrsinf	dims_op_pl_eoweb1_XXXXB00000000439722629656	N534627,N534628,N534651,N534652
m_airrsinf	dims_op_pl_eoweb1_XXXXB00000000439722629658	N561255,N561258
m_airrsinf	dims_op_pl_eoweb1_XXXXB00000000439722629660	N561518,N561526,N561542
m_airrsinf	dims_op_pl_eoweb1_XXXXB00000000439722629662	N561254,N561255,N561257,N561258
m_airrsinf	dims_op_pl_eoweb1_XXXXB00000000439722629664	N561515,N561518,N561523,N561526
m_airrsinf	dims_op_pl_eoweb1_XXXXB00000000439722629666	N561257,N561258,N561281
m_airrsinf	dims_op_pl_eoweb1_XXXXB00000000439722629668	N561520,N561523
m_airrsinf	dims_op_pl_eoweb1_XXXXB00000000439722629670	N561281,N561284
m_airrsinf	dims_op_pl_eoweb1_XXXXB00000000439722629672	N534627,N534628,N534651,N534652
m_airrsinf	dims_op_pl_eoweb1_XXXXB00000000439722629676	N534627,N534628,N534651,N534652
m_airrsinf	dims_op_pl_eoweb1_XXXXB00000000439722629674	N561286,N561520
m_airrsinf	dims_op_pl_eoweb1_XXXXB00000000439722629678	N534627,N534628,N534651,N534652
m_airrsinf	dims_op_pl_eoweb1_XXXXB00000000439722629680	N534627,N534628,N534651,N534652
m_airrsinf	dims_op_pl_eoweb1_XXXXB00000000439722629682	N534627,N534628,N534651,N534652
m_airrsinf	dims_op_pl_eoweb1_XXXXB00000000439722629684	N561283,N561284,N561286,N561287
m_airrsinf	dims_op_pl_eoweb1_XXXXB00000000439722629686	N534627,N534628,N534651,N534652
m_airrsinf	dims_op_pl_eoweb1_XXXXB00000000439722629688	N561283,N561286,N561287,N561520
m_airrsinf	dims_op_pl_eoweb1_XXXXB00000000439722629690	N535187,N535421
m_airrsinf	dims_op_pl_eoweb1_XXXXB00000000439722629692	N561283,N561284,N561286,N561287,N561520
m_airrsinf	dims_op_pl_eoweb1_XXXXB00000000439722629694	N535187,N535421
m_airrsinf	dims_op_pl_eoweb1_XXXXB00000000439722629696	N535187,N535421
m_airrsinf	dims_op_pl_eoweb1_XXXXB00000000439722629698	N561283,N561284,N561286,N561287
m_airrsinf	dims_op_pl_eoweb1_XXXXB00000000439722629700	N561281,N561284
m_airrsinf	dims_op_pl_eoweb1_XXXXB00000000439722629702	N561286,N561520
m_airrsinf	dims_op_pl_eoweb1_XXXXB00000000439722629704	N561520,N561523
m_airrsinf	dims_op_pl_eoweb1_XXXXB00000000443788544451	N216503,N216504,N216505
