m_irsr2lissivpmono	dims_op_pl_eoweb1_XXXXB00000000379978318033	N250115,N250117,N250118,N250123,N250124,N250126,N250127,N250132,N250135,N250138,N25014,N25017,N250150,N250151,N250153,N250154,N250156,N250162,N250165,N250168,N250180,N250183,N250186,N250401,N250402,N250404,N250405,N250407,N250410,N250411,N250412,N250413
m_irsr2lissivpmono	dims_op_pl_eoweb1_XXXXB00000000379978318045	N227467,N227468,N227472,N227473,N227474,N227475,N227476,N227477,N227478,N227480,N227701,N227702,N227704,N227705,N227707,N227708,N22771,N22773,N227740,N227741,N227742,N227743,N227744,N227746,N227747,N227760,N227761,N227762,N227763,N227764,N227770
m_irsr2lissivpmono	dims_op_pl_eoweb1_XXXXB00000000379978318047	N227457,N227458,N227472,N227475,N227478,N22748,N227533,N227534,N227536,N227537,N227560,N227561,N227563,N227566,N227712,N227715,N227717,N227718,N22772,N227741,N227742,N227744,N227745,N227747,N227748,N227750,N227751,N227752,N227753,N227754,N227800,N227803,N227806,N227830
m_irsr2lissivpmono	dims_op_pl_eoweb1_XXXXB00000000379978318051	N226857,N226858,N22688,N227632,N227633,N227634,N227635,N227636,N227637,N227638,N227660,N227661,N227663,N227664,N227666,N227667,N250218,N25022,N250242,N250245,N250250,N250251,N250252,N250253,N250254,N251000,N251001,N251003,N251004,N251006,N251007,N251030
m_irsr2lissivpmono	dims_op_pl_eoweb1_XXXXB00000000379978318049	N227467,N227622,N227623,N227624,N227625,N227626,N227627,N227628,N227645,N227648,N22765,N22768,N227672,N227675,N227678,N227700,N227701,N227703,N227704,N227706,N227707,N227730,N227731,N227733,N227734,N227736,N227760,N227763,N251012,N251020
m_irsr2lissivpmono	dims_op_pl_eoweb1_XXXXB00000000379978318053	N227518,N227523,N227524,N227525,N227526,N227527,N227528,N227542,N227544,N227545,N227547,N227548,N22755,N22758,N227571,N227572,N227574,N227575,N227577,N227578,N227811,N227812,N227814,N227820,N227821,N228300,N228303,N228306,N228330,N228333,N228336
m_irsr2lissivpmono	dims_op_pl_eoweb1_XXXXB00000000379978318055	N227517,N227518,N227532,N227534,N227535,N227536,N227537,N227538,N22754,N22756,N227570,N227571,N227573,N227574,N227576,N227577,N227728,N227752,N22780,N227810,N227811,N227813,N227814,N227830
m_irsr2lissivpmono	dims_op_pl_eoweb1_XXXXB00000000379978318057	N228058,N228074,N228075,N228077,N228078,N22808,N228136,N228160,N228311,N228312,N228314,N228315,N228317,N228318,N22832,N22834,N228350,N228351,N228352,N228353,N228354,N228355,N228356,N228370,N228371
m_irsr2lissivpmono	dims_op_pl_eoweb1_XXXXB00000000379978318060	N228058,N228082,N228085,N228088,N228134,N228135,N228136,N228137,N228138,N228141,N228143,N228144,N228146,N228147,N22816,N228170,N228173,N228176,N228322,N228325,N228327,N228328,N228351,N228352,N228354,N228355,N22840,N228410,N228413,N228416,N228430,N228431,N228432
m_irsr2lissivpmono	dims_op_pl_eoweb1_XXXXB00000000379978318059	N227555,N227558,N227582,N227585,N227588,N228068,N228074,N228076,N228077,N22830,N22833,N228310,N228311,N228313,N228314,N228316,N228317,N228340,N228341,N228343,N228344,N228346,N228360,N228361,N228362,N228363,N228364,N228365,N228366,N228370
m_irsr2lissivpmono	dims_op_pl_eoweb1_XXXXB00000000379978318064	P220208,P220213,P220214,P220216,P220217,P220218,P220226,P220227,P220228,P220232,P220235,P220237,P220238,P22024,P22025,P220261,P220262,P220270,P220271,P220272,P220280,P220281,P220282,P220283,P220284,P220285,P221006,P221007,P221030,P221031,P221033,P221036
m_irsr2lissivpmono	dims_op_pl_eoweb1_XXXXB00000000379978318063	N228125,N228126,N228127,N228128,N228141,N228142,N228144,N228145,N228146,N228147,N228148,N22815,N22817,N228180,N228181,N228183,N228184,N228186,N228187,N228408,N228410,N228411,N228412,N228413,N228414,N228415,N228416,N228417,N228420,N228421,N228423
m_irsr2lissivpmono	dims_op_pl_eoweb1_XXXXB00000000379978318067	N228125,N228128,N228152,N228154,N228155,N228157,N228158,N228181,N228182,N228184,N228185,N228187,N228188,N228201,N228202,N228203,N228204,N228205,N228206,N228207,N228208,N228210,N228213,N228216,N22823,N228240,N228243,N228260,N228261,N228262,N228263,N228264,N228265,N228266,N228267,N228421,N228422
m_irsr2lissivpmono	dims_op_pl_eoweb1_XXXXB00000000379978318069	P220715,P220718,P220720,P220723,P220724,P220725,P220726,P220727,P220728,P220741,P220742,P220744,P220745,P220747,P220748,P22075,P220781,P220782,P220803,P220804,P220805,P220806,P220807,P220808,P220813,P220816,P22083,P220840,P220860,P220861,P220862
m_irsr2lissivpmono	dims_op_pl_eoweb1_XXXXB00000000379978318073	P223137,P223138,P223146,P223147,P223148,P223156,P22316,P22317,P223180,P223181,P223183,P223184,P223186,P223187,P223322,P223400,P223401,P223402,P223403,P223404,P223405,P223410,P223411,P223412,P223413,P223414,P223415,P223420,P223423,P223426
m_irsr2lissivpmono	dims_op_pl_eoweb1_XXXXB00000000379978318071	P220457,P220458,P220481,P220482,P220483,P220484,P220485,P220486,P220487,P220488,P220536,P220537,P22056,P220570,P220571,P220572,P220573,P220574,P220576,P220577,P220715,P220720,P220721,P220722,P220723,P220724,P220725,P220800,P220801,P220802,P220803,P220804,P220805,P220808,P220810,P220811,P220813,P220816
m_irsr2lissivpmono	dims_op_pl_eoweb1_XXXXB00000000379978318075	N225876,N225877,N225878,N225883,N225884,N225886,N225887,N22821,N22824,N228220,N228221,N228223,N228224,N228226,N228227,N228232,N228235,N228238,N228250,N228251,N228253,N228254,N228256,N228262,N228265,N228270,N228271,N228272,N228273,N228274,N228280
m_irsr2lissivpmono	dims_op_pl_eoweb1_XXXXB00000000379978318083	N225882,N225884,N225885,N225887,N225888,N228221,N228222,N228224,N228225,N228227,N228228,N22825,P22021,P22022,P221000,P221001,P221002,P221003,P221004,P221006,P221007,P221030,P221031
m_irsr2lissivpmono	dims_op_pl_eoweb1_XXXXB00000000379978318081	P223102,P223105,P223108,P223110,P223111,P223113,P223114,P223115,P223116,P223117,P223118,P223123,P223124,P223125,P223126,P223127,P223128,P223131,P223132,P223134,P223135,P223137,P223138,P22314,P22315,P223171,P223172,P223180,P223181,P223203,P223206
m_irsr2lissivpmono	dims_op_pl_eoweb1_XXXXB00000000379978318079	P220237,P220261,P220262,P220264,P220265,P220266,P220267,P220268,P22027,P220280,P220281,P220283,P220284,P220285,P220286,P220287,P220288,P220500,P220501,P220502,P220503,P220504,P220505,P22051,P220520,P220521,P220523,P220524,P220526
m_irsr2lissivpmono	dims_op_pl_eoweb1_XXXXB00000000379978318077	P220747,P220748,P220756,P220757,P220758,P22077,P22078,P220860,P220861,P220863,P220864,P220866,P220867,P223102,P223110,P223111,P223112,P223113,P223114,P223115,P223120,P223121,P223122,P223123,P223124,P223125,P223128,P223200,P223203,P223206
m_irsr2lissivpmono	dims_op_pl_eoweb1_XXXXB00000000379978318087	P223322,P223325,P223328,P223351,P223352,P223354,P223355,P223400,P223401,P223403,P223404,P223405,P223406,P223407,P223408,P223413,P223414,P223415,P223416,P223417,P223418,P223423,P223426,P223430,P223431,P223432,P223433,P223434,P223435,P22344
m_irsr2lissivpmono	dims_op_pl_eoweb1_XXXXB00000000379978318085	P220425,P220428,P220452,P220454,P220455,P220457,P220458,P220503,P220504,P220505,P220506,P220507,P220508,P220513,P220514,P220516,P220517,P220518,P220526,P22053,P22054,P220550,P220553,P220560,P220561,P220562,P220570,P220571,P220572
m_irsr2lissivpmono	dims_op_pl_eoweb1_XXXXB00000000379978318165	N185222,N185224,N185225,N185226,N185227,N185228,N185241,N185242,N185244,N185245,N18525,N263003,N263004,N263005,N263006,N263007,N263008,N263016,N263017,N263030,N263031,N263032,N263033,N263034,N263035,N263036,N263037,N263040,N263041,N263060
m_irsr2lissivpmono	dims_op_pl_eoweb1_XXXXB00000000379978318169	N260628,N260648,N260651,N260652,N260653,N260654,N260655,N260656,N260657,N260658,N260672,N260680,N260681,N260682,N260684,N260685,N260704,N260705,N260706,N260707,N260708,N260716,N260717,N260718,N26073,N260740,N260741,N260742,N260743,N260744,N260745,N260746,N260747,N260750,N260760,N260761,N260762,N260763,N260764
m_irsr2lissivpmono	dims_op_pl_eoweb1_XXXXB00000000379978318171	N260284,N260285,N260286,N260287,N260288,N260512,N260513,N260514,N260515,N260516,N260517,N260518,N26052,N260542,N260550,N260551,N260552,N260555,N261060,N261061,N261063,N261064,N261065,N261066,N261067,N261068,N261073,N261076,N261077,N261078,N261300,N261301,N261302,N261303,N261304,N261305,N261306,N261307,N261310,N261311,N261313,N261330
m_irsr2lissivpmono	dims_op_pl_eoweb1_XXXXB00000000379978318167	N185222,N185225,N260647,N260648,N260665,N260666,N260667,N260668,N26067,N26068,N260763,N260766,N263000,N263001,N263002,N263003,N263004,N263005,N263007,N263008,N26301,N263020,N263021,N263022,N263023,N263040,N263041
m_irsr2lissivpmono	dims_op_pl_eoweb1_XXXXB00000000379978318177	N261018,N261026,N261027,N261035,N261037,N261038,N261041,N261042,N261043,N261044,N261045,N261046,N261047,N261048,N26105,N26107,N261060,N261061,N261062,N261063,N261064,N261065,N261068,N261080,N261081,N261082,N261083,N261084,N261130,N261131,N261133,N261134,N261136
m_irsr2lissivpmono	dims_op_pl_eoweb1_XXXXB00000000379978318183	N238086,N238087,N238088,N238166,N238308,N238311,N238312,N238313,N238314,N238315,N238316,N238317,N238318,N23832,N238331,N238332,N238335,N238340,N238341,N238342,N238343,N238344,N238345,N238348,N238350,N238351,N238352,N238353,N238354,N238356,N238400,N238401,N238402,N238403,N238404,N238405,N238406,N238407,N238410,N238430
m_irsr2lissivpmono	dims_op_pl_eoweb1_XXXXB00000000379978318181	N237574,N237575,N237576,N237577,N237578,N237586,N237587,N237588,N237728,N237752,N237801,N237802,N237803,N237804,N237805,N237806,N237807,N237808,N23781,N237820,N237821,N237822,N237823,N237824,N237825,N237826,N237827,N237830,N237831,N237832,N237834,N237835,N237840,N237841,N237842,N237843,N237844,N237850,N238600
m_irsr2lissivpmono	dims_op_pl_eoweb1_XXXXB00000000379978318185	N237728,N237745,N237747,N237748,N23775,N23778,N237762,N237765,N237770,N237771,N237772,N237773,N237774,N237775,N237777,N237778,N23783,N237843,N237846,N237860,N237861,N237862,N237863,N261120,N261121
m_irsr2lissivpmono	dims_op_pl_eoweb1_XXXXB00000000376394547259	N208185,N208187,N208188,N208263,N208264,N208265,N208266,N208267,N208268,N208276,N208277,N208278,N208415,N208417,N208418,N20842,N208441,N208442,N208450,N208451,N208452,N20850,N208510,N208511,N208512,N208513,N208514,N208516,N208530,N208531,N208532,N208533,N208534
m_irsr2lissivpmono	dims_op_pl_eoweb1_XXXXB00000000376394547261	N213388,N213466,N213467,N213468,N213476,N213618,N213621,N213622,N213623,N213624,N213625,N213626,N213627,N213628,N213641,N213642,N213645,N213650,N213651,N213652,N213653,N213654,N213655,N21370,N213710,N213711,N213712,N213713,N213714,N213715,N213716,N213717,N213720,N213730,N213731,N213732,N213733,N213734,N213735,N213736,N213737,N213740
m_irsr2lissivpmono	dims_op_pl_eoweb1_XXXXB00000000376394547263	N208417,N208418,N208435,N20844,N20845,N208481,N208482,N208530,N208531,N208533,N208534,N208536
m_irsr2lissivpmono	dims_op_pl_eoweb1_XXXXB00000000376394547265	N208185,N208235,N208237,N208238,N20824,N20825,N20827,N208260,N208261,N208262,N208263,N208264,N208265,N208267,N208268,N208280,N208281,N208282,N208283,N208284,N208286,N216033,N216034,N216036
m_irsr2lissivpmono	dims_op_pl_eoweb1_XXXXB00000000376394547267	N211428,N211448,N211451,N211452,N211453,N211454,N211455,N211456,N211457,N211458,N211472,N211480,N211481,N211482,N211503,N211504,N211505,N211506,N211507,N211508,N211513,N211516,N211517,N211518,N211526,N21153,N211540,N211541,N211542,N211543,N211544,N211545,N211546,N211547,N211550,N211560,N211561,N211562,N211564,N211565,N211570
m_irsr2lissivpmono	dims_op_pl_eoweb1_XXXXB00000000376394547277	N213266,N213422,N213424,N213425,N213426,N213427,N213428,N213442,N213444,N213445,N213450,N213451,N213452,N213453,N213454,N213455,N213457,N213458,N21350,N21351,N213523,N213530,N213531,N213532,N213533,N213534,N213535,N213536,N213537,N213540,N213541,N213543
m_irsr2lissivpmono	dims_op_pl_eoweb1_XXXXB00000000376394547275	N205888,N208215,N208217,N208218,N208221,N208222,N208223,N208224,N208225,N208226,N208227,N208228,N208241,N208242,N208250,N208251,N208252,N208254,N208255,N213663,N213666,N213667,N213668,N213676,N213677,N213678,N21600,N216010,N216011,N216012,N216013,N216014,N216016,N216030,N216031,N216032,N216033,N216034
m_irsr2lissivpmono	dims_op_pl_eoweb1_XXXXB00000000376394547269	N213438,N213443,N213444,N213445,N213446,N213447,N213448,N213453,N213454,N213455,N213456,N213457,N213458,N213461,N213462,N213463,N213464,N213465,N213466,N213467,N213468,N21347,N213480,N213481,N213482,N213483,N213484,N213485,N213486,N213487,N213536,N213537,N213560,N213702,N213710,N213711,N213712,N213720
m_irsr2lissivpmono	dims_op_pl_eoweb1_XXXXB00000000376394547273	N213244,N213245,N213246,N213247,N213248,N213253,N213256,N213257,N213258,N213262,N213264,N213265,N213266,N213267,N213268,N21327,N21328,N213500,N213501,N213502,N213510,N213511,N213512,N213514,N213515,N213520,N213521,N213523,N214036,N214037,N214060,N214061,N214063
m_irsr2lissivpmono	dims_op_pl_eoweb1_XXXXB00000000376394547271	N213638,N213641,N213642,N213643,N213644,N213645,N213646,N213647,N213648,N213650,N213653,N213654,N213655,N213656,N213657,N213658,N213661,N213662,N213663,N213664,N213665,N213666,N213667,N213668,N21367,N213680,N213681,N213682,N213683,N213684,N213685,N213686,N213687,N213733,N213734,N213736,N213737,N213760,N216011,N216012,N216020
m_irsr2lissivpmono	dims_op_pl_eoweb1_XXXXB00000000376394547292	N211625,N211627,N211628,N211645,N211648,N21165,N211682,N211700,N211701,N211703,N211704,N211705,N211706,N211707,N211708,N211713,N211714,N211715,N211716,N211717,N211718,N211726,N21173,N211740,N211741,N211742,N211743,N211744,N211746,N211760,N211761,N211762
m_irsr2lissivpmono	dims_op_pl_eoweb1_XXXXB00000000376394547297	N211647,N211648,N211656,N211657,N211658,N211665,N211667,N211668,N21167,N21168,N211736,N211760,N211761,N211763,N211764,N211766,N214000,N214001,N214002,N214005,N214010,N214011,N214012,N214013,N214014,N214015,N214020,N214021,N214022,N214023,N214024
m_irsr2lissivpmono	dims_op_pl_eoweb1_XXXXB00000000376394547279	N211268,N211272,N211273,N211274,N211275,N211276,N211277,N211278,N21128,N211501,N211502,N211503,N211504,N211505,N211508,N21151,N211520,N211521,N211522,N211523,N211524,N211525,N211526,N211527,N212060,N212063,N212064,N212065,N212066,N212067,N212300
m_irsr2lissivpmono	dims_op_pl_eoweb1_XXXXB00000000376394547295	N212002,N212004,N212005,N212007,N212008,N21201,N21202,N212041,N212042,N212050,N212051,N212100,N212101,N212103,Q010120,Q010121,Q010122,Q010124,Q010125,Q010200,Q010201,Q010202,Q010203,Q010204,Q010205,Q010210,Q010211,Q010212,Q010213,Q010214,Q010217
m_irsr2lissivpmono	dims_op_pl_eoweb1_XXXXB00000000376394547291	Q010118,Q01012,Q01015,Q010142,Q010145,Q010148,Q010203,Q010204,Q010205,Q010206,Q010207,Q010208,Q010213,Q010214,Q010216,Q010217,Q01023,Q010240,Q010241,Q010243,Q010246,Q010261,Q010262
m_irsr2lissivpmono	dims_op_pl_eoweb1_XXXXB00000000376394547287	Q010408,Q01041,Q01042,Q01044,Q01045,Q010432,Q010435,Q010503,Q010504,Q010506,Q010530,Q010533
m_irsr2lissivpmono	dims_op_pl_eoweb1_XXXXB00000000376394547283	N213224,N213225,N213226,N213227,N213228,N213242,N213244,N213245,N213248,N21325,N21400,N21403,N214010,N214013,N214014,N214015,N214016,N214017,N214018,N214023,N214040,N214041,N214043,N214061
m_irsr2lissivpmono	dims_op_pl_eoweb1_XXXXB00000000376394547285	Q010145,Q010147,Q010148,Q010156,Q010157,Q010158,Q010171,Q010172,Q010174,Q010175,Q010176,Q010177,Q010178,Q01018,Q010236,Q010237,Q010238,Q01026,Q010410,Q010411,Q010412,Q010420,Q010421,Q010422,Q010424,Q010425,Q010500,Q010501,Q010503,Q010504
m_irsr2lissivpmono	dims_op_pl_eoweb1_XXXXB00000000376394547289	N211252,N211254,N211255,N211256,N211257,N211258,N211272,N211280,N211281,N211282,N211285,N212006,N212007,N212008,N212016,N212017,N212018,N21203,N21204,N212050,N212051,N212053,N212060,N212061,N212062,N212063,N212064,N212065,N212070,N212071,N212073
m_irsr2lissivpmono	dims_op_pl_eoweb1_XXXXB00000000376394547281	N211448,N211456,N211467,N211468,N211471,N211472,N211473,N211474,N211475,N211476,N211477,N211478,N21148,N211560,N211561,N211562,N211563,N211564,N211565,N211566,N211567,N211700,N211701,N211702,N211703,N211704,N211705,N211710,N211711,N211712,N211713,N211714,N211715,N211717,N211718,N211720,N211721,N211722,N211723,N211724,N211726
m_irsr2lissivpmono	dims_op_pl_eoweb1_XXXXB00000000376394547299	Q010686,Q010687,Q010688,Q013015,Q013018,Q01302,Q013042,Q013045,Q013050,Q013051,Q013052,Q013053,Q013054,Q013055,Q01310,Q01313,Q013110,Q013113,Q013116,Q013140
m_irsr2lissivpmono	dims_op_pl_eoweb1_XXXXB00000000376394547309	Q013076,Q013077,Q013078,Q013086,Q013305,Q013308,Q01331,Q01332,Q01335,Q013332,Q013335,Q013340,Q013341,Q013342,Q013343,Q013344,Q013345,Q013400,Q013403,Q013406,Q013430
m_irsr2lissivpmono	dims_op_pl_eoweb1_XXXXB00000000376394547307	Q013044,Q013045,Q013047,Q013048,Q013053,Q013054,Q013055,Q013056,Q013057,Q013058,Q013071,Q013072,Q013073,Q013074,Q013075,Q013076,Q013077,Q013078,Q01308,Q013133,Q013134,Q013136,Q013137,Q013138,Q013160,Q013161,Q013162,Q013163,Q013164,Q013166,Q013167,Q013312,Q013320,Q013321,Q013322,Q013400,Q013401
m_irsr2lissivpmono	dims_op_pl_eoweb1_XXXXB00000000376394547305	Q010434,Q010435,Q010437,Q010438,Q010443,Q010444,Q010445,Q010446,Q010447,Q010448,Q010456,Q010457,Q010458,Q010461,Q010462,Q010463,Q010464,Q010465,Q010466,Q010467,Q010468,Q01047,Q010480,Q010481,Q010482,Q010483,Q010484,Q010485,Q010486,Q010487,Q010700,Q010701,Q010702,Q010710,Q010711,Q010712,Q010720,Q010721,Q010723,Q010724
m_irsr2lissivpmono	dims_op_pl_eoweb1_XXXXB00000000376394547301	Q010654,Q010655,Q010657,Q010658,Q010681,Q010682,Q010683,Q010684,Q010685,Q010686,Q010687,Q010688,Q010733,Q010734,Q010735,Q010736,Q010737,Q010738,Q010743,Q010746,Q010747,Q010748,Q01076,Q010770,Q010771,Q010772,Q010773,Q010774,Q010776,Q010777,Q013021,Q013022,Q013100,Q013101,Q013102,Q013110,Q013111
m_irsr2lissivpmono	dims_op_pl_eoweb1_XXXXB00000000376394547303	Q010466,Q010467,Q010625,Q010628,Q010652,Q010655,Q01070,Q01071,Q01074,Q010720,Q010721,Q010723,Q010724,Q010726,Q010730,Q010731,Q010732,Q010733,Q010734,Q010735,Q010738,Q010750
m_irsr2lissivpmono	dims_op_pl_eoweb1_XXXXB00000000376394547311	Q013334,Q013335,Q013337,Q013338,Q013343,Q013344,Q013345,Q013346,Q013347,Q013348,Q013353,Q013354,Q013356,Q013357,Q013358,Q013361,Q013362,Q013364,Q013365,Q013366,Q013367,Q013368,Q01337,Q013380,Q013381,Q013382,Q013383,Q013384,Q013386,Q013387,Q013601,Q013602,Q013610,Q013611,Q013612,Q013620,Q013621
m_irsr2lissivpmono	dims_op_pl_eoweb1_XXXXB00000000376394547322	Q008535,Q008538,Q008543,Q008546,Q008547,Q008548,Q008556,Q008557,Q008558,Q008562,Q008565,Q008567,Q008568,Q00857,Q00858,Q008801,Q008802,Q008805,Q008810,Q008811,Q008812,Q008813,Q008814,Q008815,Q008820,Q008821,Q008822,Q008823,Q008824,Q008826,Q008827
m_irsr2lissivpmono	dims_op_pl_eoweb1_XXXXB00000000376394547321	Q008511,Q008512,Q008513,Q008514,Q008515,Q008516,Q008517,Q008518,Q00852,Q00854,Q00855,Q008535,Q008538,Q008581,Q008582,Q016303,Q016304,Q016306,Q016307,Q016330,Q016333,Q016336
m_irsr2lissivpmono	dims_op_pl_eoweb1_XXXXB00000000376394547318	Q008245,Q008248,Q008253,Q008254,Q008255,Q008256,Q008257,Q008258,Q008271,Q008272,Q008274,Q008275,Q008277,Q008278,Q00828,Q008511,Q008512,Q008520,Q008521,Q008522,Q008524,Q008525,Q016036,Q016037,Q016038,Q016060,Q016061,Q016062,Q016063,Q016064,Q016065,Q016066,Q016067,Q016300,Q016301,Q016303,Q016304
m_irsr2lissivpmono	dims_op_pl_eoweb1_XXXXB00000000376394547315	Q005855,Q005857,Q005858,Q005881,Q005882,Q005884,Q005885,Q005887,Q005888,Q008220,Q008221,Q008222,Q013633,Q013634,Q013635,Q013636,Q013637,Q013638,Q013643,Q013646,Q013647,Q013648,Q01366,Q013670,Q013671,Q013672,Q013673,Q013674,Q013675,Q013676,Q013677,Q016000,Q016001,Q016002,Q016005,Q016010,Q016011,Q016013,Q016014
m_irsr2lissivpmono	dims_op_pl_eoweb1_XXXXB00000000376394547313	Q005828,Q005852,Q005855,Q013366,Q013367,Q013368,Q01360,Q01361,Q01364,Q013620,Q013623,Q013626,Q013630,Q013631,Q013632,Q013633,Q013634,Q013635,Q013638,Q013650
m_irsr2lissivpmono	dims_op_pl_eoweb1_XXXXB00000000376394547317	Q005887,Q00822,Q00825,Q008242,Q008245,Q01600,Q01603,Q016010,Q016013,Q016014,Q016016,Q016040,Q016043
m_irsr2lissivpmono	dims_op_pl_eoweb1_XXXXB00000000376394547325	Q008801,Q008802,Q008804,Q008805,Q008807,Q008808,Q008813,Q008814,Q008815,Q008816,Q008817,Q008818,Q008823,Q008824,Q008826,Q008827,Q00883,Q00884,Q008850,Q008851,Q008853,Q008856,Q008861,Q008862,Q008870,Q008871,Q008872,Q008880
m_irsr2lissivpmono	dims_op_pl_eoweb1_XXXXB00000000379978317839	N248767,N248768,N248776,N272021,N272022,N272024,N272025,N272027,N272028,N272051,N272052,N272053,N272054,N272055,N272056,N272057,N272058,N272080,N272081,N272082,N272083,N272084,N272085,N272086,N272087,N27210,N27213,N272110,N272160,N272161,N272162,N272163,N272164
m_irsr2lissivpmono	dims_op_pl_eoweb1_XXXXB00000000379978317851	N248781,N248782,N248784,N248785,N248787,N248788,N248838,N24886,N27212,N272148,N272150,N272151,N272152,N272153,N272154,N272155,N272156,N272157,N272200,N272201,N272202,N272203,N272204,N272205,N272206,N272207,N272230,N272231,N272233,N272234
m_irsr2lissivpmono	dims_op_pl_eoweb1_XXXXB00000000379978317831	N271252,N271254,N271255,N271257,N271258,N271281,N271282,N271284,N271285,N271287,N271288,N271520,N271521,N271522,N271523,N271524,N271525,N271526,N272007,N272008,N272016,N27203,N27206,N272040,N272043,N272046,N272300,N272301,N272302,N272303
m_irsr2lissivpmono	dims_op_pl_eoweb1_XXXXB00000000379978317841	N248768,N248774,N248775,N248776,N248777,N248778,N248783,N248784,N248786,N248787,N272102,N272105,N272108,N27211,N27214,N272120,N272121,N272123,N272124,N272126,N272132,N272135,N272137,N272138,N272150,N272153,N272156,N272161,N272162,N272170,N272171
m_irsr2lissivpmono	dims_op_pl_eoweb1_XXXXB00000000379978317845	N248852,N248853,N248854,N248855,N248856,N248857,N248858,N24888,N25663,N256660,N256661,N256663,N256664,N256666,N256667,N272212,N272215,N272218,N27222,N280000,N280001,N280003,N280004
m_irsr2lissivpmono	dims_op_pl_eoweb1_XXXXB00000000379978317847	N248838,N248845,N248846,N248847,N248848,N248853,N248854,N248856,N248857,N248862,N248865,N248868,N24887,N248880,N248883,N248886,N272201,N272202,N272204,N272205,N272207,N272208,N27221,N272220,N272223,N272231,N272232,N272234,N272240,N272241,N272242
m_irsr2lissivpmono	dims_op_pl_eoweb1_XXXXB00000000379978317835	N271182,N271185,N271188,N271236,N271237,N271238,N271244,N271246,N271247,N27126,N271270,N271273,N271276,N271421,N271422,N271424,N271425,N271427,N271428,N271451,N271452,N271454,N271455,N27150,N271510,N271513,N271530,N271531,N271532,N271533
m_irsr2lissivpmono	dims_op_pl_eoweb1_XXXXB00000000379978317829	N271166,N271167,N271168,N271173,N271174,N271176,N271177,N271322,N271325,N271328,N271352,N271354,N271355,N271357,N271358,N271381,N271382,N271384,N271385,N27140,N27143,N271410,N271411,N271413,N271416,N271440,N271443,N271446,N271460,N271461,N271462,N271463
m_irsr2lissivpmono	dims_op_pl_eoweb1_XXXXB00000000379978317849	N272014,N272015,N272016,N272017,N272018,N272021,N272023,N272024,N272026,N272027,N272035,N272038,N27204,N27207,N272050,N272051,N272053,N272054,N272056,N272057,N272062,N272065,N272068,N272080,N272083,N272086,N272302,N272310
m_irsr2lissivpmono	dims_op_pl_eoweb1_XXXXB00000000379978317837	N271322,N271325,N271327,N271328,N271351,N271352,N271354,N271355,N271357,N271358,N271381,N271383,N271384,N271400
m_irsr2lissivpmono	dims_op_pl_eoweb1_XXXXB00000000379978317833	N271174,N271175,N271177,N271178,N27118,N27141,N27144,N271420,N271421,N271422,N271423,N271424,N271425,N271426,N271427,N271438,N271450,N271451,N271453,N271454,N271456,N271462,N271470
m_irsr2lissivpmono	dims_op_pl_eoweb1_XXXXB00000000379978317843	N271244,N271245,N271246,N271247,N271248,N271251,N271252,N271253,N271254,N271255,N271256,N271257,N271258,N27127,N271280,N271281,N271283,N271284,N271286,N271287,N271502,N271505,N271508,N27151,N271520,N271521,N271523,N271524,N271526,N271532,N271540
m_irsr2lissivpmono	dims_op_pl_eoweb1_XXXXB00000000379978317958	N247215,N247216,N247217,N247218,N247221,N247222,N247223,N247224,N247225,N247226,N247227,N247228,N24724,N24727,N247250,N247251,N247253,N247254,N247256,N247257,N247262,N247265,N247268,N247280,N247281,N247283,N247284,N247286,N247502,N247505,N247510,N247511
m_irsr2lissivpmono	dims_op_pl_eoweb1_XXXXB00000000379978317965	N247087,N247088,N247166,N247312,N247314,N247315,N247317,N247318,N24732,N24737,N247341,N247342,N247343,N247344,N247345,N247346,N247347,N247348,N247350,N247351,N247352,N247353,N247354,N247355,N247356,N247357,N247380,N247381,N247383,N247384
m_irsr2lissivpmono	dims_op_pl_eoweb1_XXXXB00000000379978317942	N256477,N256478,N256701,N256702,N256704,N256705,N256707,N256708,N256710,N256711,N256712,N256713,N256714,N256715,N256716,N256717,N256731,N256732,N256734,N256735,N256736,N256737,N256738,N256740,N256741,N256743,N256744,N256746,N256747,N256760,N256761,N256762,N256763,N256764,N256765,N256766,N256770,N256771,N256773,N256774
m_irsr2lissivpmono	dims_op_pl_eoweb1_XXXXB00000000379978317947	N256623,N256624,N256625,N256626,N256627,N256628,N256645,N256648,N25665,N25668,N256672,N256675,N256678,N256700,N256701,N256702,N256703,N256704,N256706,N256707,N256730,N256731,N256733,N256734,N256736,N256737,N256760,N256761,N256763,N256766,N280012,N280020
m_irsr2lissivpmono	dims_op_pl_eoweb1_XXXXB00000000379978317941	N247155,N247158,N247182,N247184,N247185,N247187,N247188,N247208,N247216,N247217,N24723,N24726,N247240,N247243,N247246,N247270,N247273,N247421,N247422,N247424,N247425,N247427,N247428,N247451,N247500,N247501,N247502,N247503,N247504,N247505,N247506
m_irsr2lissivpmono	dims_op_pl_eoweb1_XXXXB00000000379978317945	N246546,N246547,N246548,N246561,N246562,N246564,N246565,N246567,N246568,N246570,N246571,N246572,N246573,N246574,N246576,N246577,N246801,N246802,N246804,N246805,N246806,N246807,N246808,N246810,N246811,N246813,N246814,N246816,N246817,N246830,N246831,N246832,N246833,N246834,N246835,N246836,N246837,N246840,N246843
m_irsr2lissivpmono	dims_op_pl_eoweb1_XXXXB00000000379978317949	N256616,N256617,N256618,N256623,N256626,N256632,N256634,N256635,N256637,N256638,N25664,N25667,N256650,N256653,N256656,N256661,N256662,N256664,N256665,N256667,N256668,N280001,N280002,N280003,N280004,N280005,N280010,N280011,N280012
m_irsr2lissivpmono	dims_op_pl_eoweb1_XXXXB00000000379978317957	N246555,N246558,N246582,N246585,N246588,N246821,N246822,N246824,N246825,N247306,N247307,N247308,N247313,N247314,N247316,N247317,N24733,N24736,N247340,N247341,N247343,N247344,N247346,N247347,N247370,N247373,N247376,N247600,N247601,N247602,N247603
m_irsr2lissivpmono	dims_op_pl_eoweb1_XXXXB00000000379978317951	N247088,N247162,N247163,N247164,N247165,N247166,N247167,N247168,N247170,N247171,N247173,N247174,N247176,N247177,N247322,N247325,N247328,N247352,N247354,N247355,N247357,N247358,N247381,N247382,N24740,N24743,N247410,N247413,N247416,N247440,N247443,N247460
m_irsr2lissivpmono	dims_op_pl_eoweb1_XXXXB00000000379978317953	N246545,N246547,N246548,N246551,N246552,N246553,N246554,N246555,N246556,N246557,N246558,N246571,N246572,N246574,N246575,N246577,N246578,N24658,N246811,N246812,N246813,N246814,N246815,N246816,N246817,N246818,N246820,N246821,N246822,N246823,N246824,N246825,N246826,N246827,N246840,N246841,N246842,N247330,N247333,N247336
m_irsr2lissivpmono	dims_op_pl_eoweb1_XXXXB00000000379978317955	N247148,N247154,N247155,N247156,N247157,N247158,N247171,N247172,N247173,N247174,N247175,N247176,N247177,N247178,N24718,N24741,N247420,N247421,N247423,N247424,N247426,N247427,N247432,N247435,N247440,N247441,N247442,N247443,N247444,N247450,N247451
m_irsr2lissivpmono	dims_op_pl_eoweb1_XXXXB00000000379978317961	N245665,N245666,N245667,N245668,N245673,N245676,N247222,N247224,N247225,N247227,N247228,N247251,N247252,N247254,N247255,N247257,N247258,N247280,N247281,N247282,N247283,N247284,N247285,N247286,N247287,N24800,N24803,N248010,N248013,N248016,N248060,N248061,N248062,N248063
m_irsr2lissivpmono	dims_op_pl_eoweb1_XXXXB00000000379978317963	N245657,N245672,N245673,N245674,N245675,N245676,N245677,N245678,N245680,N245681,N245683,N245684,N245686,N245687,N248005,N248008,N24801,N248020,N248021,N248023,N248024,N248026,N248032,N248035,N248038,N248040,N248041,N248042,N248043,N248044,N248045,N248046,N248047,N248050,N248053,N248062
m_irsr2lissivpmono	dims_op_pl_eoweb1_XXXXB00000000379978317967	N245718,N245726,N245727,N245735,N245738,N24574,N24577,N245750,N245751,N245753,N245754,N245756,N245757,N245762,N245765,N245768,N245780,N245783,N245786,N248101,N248102,N248104,N248105,N248107,N248108,N248110,N248111,N248112,N248113,N248114,N248115,N248120
m_irsr2lissivpmono	dims_op_pl_eoweb1_XXXXB00000000379978317969	N245582,N245583,N245584,N245585,N245586,N245587,N245588,N24582,N245842,N245845,N245848,N245850,N245851,N245852,N245853,N245854,N245855,N245856,N245857,N253337,N253338,N25336,N253600,N253601,N253603,N253604,N253606,N253607,N253630,N253631,N253633,N253634
m_irsr2lissivpmono	dims_op_pl_eoweb1_XXXXB00000000379978317970	N245724,N245725,N245727,N245728,N245751,N245752,N245753,N245754,N245755,N245756,N245757,N245758,N24578,N245801,N245802,N245803,N245804,N245805,N245806,N245807,N245808,N245830,N245831,N245832,N245833,N245834,N245835,N245836,N245837,N245860,N245861,N245863,N245864,N245866,N248112,N248120,N248121
m_irsr2lissivpmono	dims_op_pl_eoweb1_XXXXB00000000379978317973	N245575,N245576,N245577,N245578,N245583,N245584,N245586,N245587,N245802,N245805,N245808,N24581,N24584,N245820,N245823,N245826,N245831,N245832,N245834,N245835,N245837,N245838,N245850,N245853,N245861,N245862,N245864,N245865,N245870,N245871,N245872,N245873
m_irsr2lissivpmono	dims_op_pl_eoweb1_XXXXB00000000379978317977	N253248,N253264,N253265,N253267,N253268,N25327,N25350,N25353,N253510,N253511,N253512,N253513,N253514,N253515,N253516,N253517,N253540,N253541,N253543,N253544,N253560
m_irsr2lissivpmono	dims_op_pl_eoweb1_XXXXB00000000379978317975	N253328,N25335,N25338,N253375,N253378,N253406,N253407,N253408,N253430,N253431,N253433,N253434,N253436,N253437,N253460,N253461,N253463,N253464,N253466,N253612,N253615,N253618,N253620,N253621,N253622,N253623,N253624,N253625,N253626,N253700
m_irsr2lissivpmono	dims_op_pl_eoweb1_XXXXB00000000379978317981	N253248,N253255,N253256,N253257,N253258,N253272,N253275,N253278,N25328,N253511,N253512,N253514,N253515,N253517,N253518,N25352,N253541,N253542,N253544,N253545,N253550,N253551,N254033,N254034,N254036,N254060,N254063,N254066,N254300,N254303
m_irsr2lissivpmono	dims_op_pl_eoweb1_XXXXB00000000379978317979	N253187,N253188,N253263,N253264,N253266,N253267,N253415,N253418,N25342,N25345,N253442,N253445,N253448,N253471,N253472,N253474,N253475,N253480,N253481,N253482,N253483,N253500,N253501,N253503,N253504,N253506,N253530,N253533,N253536,N253560
m_irsr2lissivpmono	dims_op_pl_eoweb1_XXXXB00000000379978317983	N254018,N254023,N254024,N254025,N254026,N254027,N254028,N254041,N254042,N254044,N254045,N254047,N254048,N25405,N25408,N254071,N254072,N254074,N254075,N254077,N254078,N254100,N254103,N254106,N254130,N254133,N254310,N254311,N254312,N254313,N254314,N254320
m_irsr2lissivpmono	dims_op_pl_eoweb1_XXXXB00000000379978317985	N251768,N251776,N251777,N254052,N254055,N254058,N254082,N254085,N254088,N25410,N25413,N254110,N254111,N254113,N254114,N254116,N254117,N254140,N254141,N254143,N254144,N254146,N254160,N254161,N254162,N254163,N254164,N254165,N254166,N254170
m_irsr2lissivpmono	dims_op_pl_eoweb1_XXXXB00000000379978317987	N251775,N251777,N251778,N251781,N251782,N251783,N251784,N251785,N251786,N251787,N251788,N251860,N251863,N254111,N254112,N254114,N254115,N254117,N254118,N25412,N25414,N254150,N254151,N254152,N254153,N254154,N254155,N254156,N254157,N254170,N254171,N254172
m_irsr2lissivpmono	dims_op_pl_eoweb1_XXXXB00000000379978317995	N253405,N253407,N253408,N253411,N253412,N253413,N253414,N253415,N253416,N253417,N253418,N253420,N253423,N253431,N253432,N253434,N253435,N253437,N253438,N25344,N25346,N253470,N253471,N253472,N253473,N253474,N253475,N253476,N253477,N253700,N253701,N253702
m_irsr2lissivpmono	dims_op_pl_eoweb1_XXXXB00000000379978317993	N253522,N253525,N253528,N254017,N254018,N254031,N254032,N254033,N254034,N254035,N254036,N254037,N254038,N254040,N254041,N254042,N254043,N254044,N254045,N254046,N254047,N25406,N254070,N254071,N254073,N254074,N254076,N254077,N254300,N254301,N254302,N254303,N254304,N254305,N254306,N254307,N254310,N254311,N254313,N254314
m_irsr2lissivpmono	dims_op_pl_eoweb1_XXXXB00000000379978317991	N245657,N245658,N245681,N245682,N245684,N245685,N245687,N245688,N245733,N245734,N245735,N245736,N245737,N245738,N245740,N245743,N245746,N24576,N248021,N248022,N248023,N248024,N248025,N248026,N248027,N248028,N248050,N248051,N248052,N248053,N248054,N248100,N248101,N248102,N248103,N248104,N248105,N248106,N248107,N248130
m_irsr2lissivpmono	dims_op_pl_eoweb1_XXXXB00000000379978317989	N253338,N253343,N253344,N253345,N253346,N253347,N253348,N253350,N253353,N253356,N253362,N253364,N253365,N253367,N253368,N25337,N253380,N253383,N253601,N253602,N253604,N253605,N253607,N253608,N25361,N253630,N253631,N253632,N253633,N253634,N253640
m_irsr2lissivpmono	dims_op_pl_eoweb1_XXXXB00000000379978317997	N251782,N251785,N251788,N251837,N251838,N251844,N251846,N251847,N25186,N251870,N251871,N251873,N251874,N251876,N254122,N254125,N254128,N254151,N254152,N254154,N254155,N254157,N25420,N254210,N254213,N254216,N254230,N254231,N254232,N254233,N254234,N254240
m_irsr2lissivpmono	dims_op_pl_eoweb1_XXXXB00000000379978317999	N252612,N252613,N252614,N252615,N252616,N252617,N252618,N252620,N252621,N252622,N252623,N252624,N252626,N252627,N252638,N25264,N25267,N252650,N252651,N252653,N252654,N252656,N252657,N252662,N252665,N252668,N252680,N252681,N252683,N252686,N255002,N255010
m_irsr2lissivpmono	dims_op_pl_eoweb1_XXXXB00000000379978318001	N251844,N251845,N251847,N251848,N25185,N25187,N251880,N251881,N251882,N251883,N251884,N251885,N251886,N251887,N25421,N254220,N254221,N254223,N254224,N254226,N254232,N254240,N254241
m_irsr2lissivpmono	dims_op_pl_eoweb1_XXXXB00000000379978318003	N251852,N251855,N251857,N251858,N251881,N251882,N251884,N251885,N251887,N251888,N252606,N252607,N252608,N252613,N252616,N25263,N25266,N252640,N252643,N252646,N252670,N254221,N254222,N254224,N254225,N255000,N255001,N255002,N255003
m_irsr2lissivpmono	dims_op_pl_eoweb1_XXXXB00000000379978318007	N252388,N252465,N252466,N252467,N252468,N252473,N252476,N252621,N252622,N252624,N252625,N252627,N252628,N252651,N252652,N252654,N252655,N252656,N252657,N252658,N252680,N252681,N252682,N252683,N252684,N252685,N25270,N25273,N252710,N252760,N252761,N252762
m_irsr2lissivpmono	dims_op_pl_eoweb1_XXXXB00000000379978318005	N252468,N252472,N252473,N252474,N252475,N252476,N252477,N252478,N252480,N252481,N252483,N252484,N252486,N252487,N252702,N252705,N252708,N25271,N25274,N252720,N252721,N252723,N252726,N252732,N252735,N252737,N252738,N252750,N252753,N252761,N252762
m_irsr2lissivpmono	dims_op_pl_eoweb1_XXXXB00000000379978318009	N252535,N252538,N252541,N252542,N252543,N252544,N252545,N252546,N252547,N252548,N252562,N252564,N252565,N252567,N252568,N25257,N252801,N252802,N252804,N252805,N252807,N252808,N252810,N252811,N252813,N252814,N252816,N252817,N252831,N252832
m_irsr2lissivpmono	dims_op_pl_eoweb1_XXXXB00000000379978318013	N244152,N244154,N244155,N244156,N244157,N244158,N244171,N244172,N244174,N244175,N244180,N244181,N244182,N244183,N244184,N244185,N244187,N244188,N24423,N244243,N244244,N244246,N244247,N244260,N244261,N244262,N244263,N244264,N244265,N244266,N244267,N244270,N244271
m_irsr2lissivpmono	dims_op_pl_eoweb1_XXXXB00000000379978318011	N242618,N242624,N242625,N242626,N242627,N242628,N242641,N242642,N242643,N242644,N242645,N242647,N242648,N24265,N242671,N242672,N242673,N242674,N242675,N242676,N242677,N242678,N242680,N242681,N242682,N242683,N242684,N242685,N242686,N242687,N242700,N242703,N242706,N245010,N245011,N245012,N245013,N245014,N245015,N245020,N245021
m_irsr2lissivpmono	dims_op_pl_eoweb1_XXXXB00000000379978318015	N252457,N252458,N252481,N252482,N252483,N252484,N252485,N252486,N252487,N252488,N252534,N252535,N252536,N252537,N252538,N25256,N25272,N252750,N252751,N252752,N252753,N252754,N252755,N252800,N252801,N252803,N252804,N252806,N252807,N252830,N252831
m_irsr2lissivpmono	dims_op_pl_eoweb1_XXXXB00000000379978318019	N241882,N241884,N241885,N241886,N241887,N241888,N242635,N242637,N242638,N242641,N242643,N242644,N242646,N242647,N24266,N242670,N242671,N242673,N242674,N242676,N242677,N244222,N244225,N244228,N244252,N244255,N24500,N245010,N245013,N245016,N245030,N245031
m_irsr2lissivpmono	dims_op_pl_eoweb1_XXXXB00000000379978318025	N242458,N242482,N242485,N242488,N242532,N242533,N242534,N242535,N242536,N242537,N242538,N242540,N242541,N242543,N242546,N24256,N242570,N242573,N242576,N242721,N242722,N242724,N242725,N242727,N242728,N242751,N242752,N242754,N24280,N242810,N242830
m_irsr2lissivpmono	dims_op_pl_eoweb1_XXXXB00000000379978318017	N241878,N241886,N241887,N241888,N242666,N244205,N244207,N244208,N244211,N244212,N244213,N244214,N244215,N244216,N244217,N244218,N24422,N24424,N244230,N244231,N244232,N244234,N244235,N244250,N244251,N244252,N244253,N244254,N244255,N244256,N244270,N244271,N245000
m_irsr2lissivpmono	dims_op_pl_eoweb1_XXXXB00000000379978318023	N242457,N242458,N242472,N242474,N242475,N242477,N242478,N24248,N24271,N24274,N242720,N242721,N242722,N242723,N242724,N242726,N242727,N242750,N242751,N242753,N242754,N242762,N242770
m_irsr2lissivpmono	dims_op_pl_eoweb1_XXXXB00000000379978318021	N250057,N250072,N250073,N250074,N250075,N250076,N250077,N250078,N250080,N250081,N250083,N250084,N250086,N250087,N250305,N250308,N25031,N25034,N250320,N250321,N250323,N250324,N250326,N250332,N250335,N250338,N250350,N250353,N250362,N250370
m_irsr2lissivpmono	dims_op_pl_eoweb1_XXXXB00000000379978318028	N242522,N242525,N242527,N242528,N242551,N242552,N242554,N242555,N242557,N242558,N242581,N242582,N242583,N242584,N242585,N242586,N242587,N242588,N250067,N250068,N250073,N250076,N25030,N25033,N250310,N250313,N250316,N250360,N250361,N250362,N250363,N250364
m_irsr2lissivpmono	dims_op_pl_eoweb1_XXXXB00000000379978318027	N250057,N250058,N250081,N250082,N250084,N250085,N250087,N250088,N250132,N250133,N250134,N250135,N250136,N250137,N250138,N250140,N250143,N25016,N250321,N250322,N250323,N250324,N250325,N250326,N250327,N250328,N250350,N250351,N250352,N250353,N250354,N250400,N250401,N250402,N250403,N250404,N250405,N250406,N250407
m_irsr2lissivpmono	dims_op_pl_eoweb1_XXXXB00000000379978318031	N242517,N242518,N242522,N242523,N242524,N242525,N242526,N242527,N242528,N24254,N24257,N242550,N242551,N242552,N242553,N242554,N242556,N242557,N242568,N242580,N242581,N242583,N242584,N242586,N242587,N242802,N242805,N242810,N242811,N242812,N242813,N242814,N242820
m_irsr2lissivpmono	dims_op_pl_eoweb1_XXXXB00000000379978318041	N226868,N226872,N226873,N226874,N226875,N226876,N226877,N226878,N226880,N226881,N226883,N226886,N250202,N250205,N250207,N250208,N25021,N250220,N250223,N250226,N250231,N250232,N250234,N250235,N250237,N250238,N250240,N250241,N250242,N250243,N250244,N250245,N250246,N250247,N250261,N250262
m_irsr2lissivpmono	dims_op_pl_eoweb1_XXXXB00000000379978318037	N242467,N242468,N242473,N242474,N242476,N242477,N242625,N242628,N242652,N242655,N242658,N242681,N242682,N242684,N242685,N242687,N242688,N24270,N24273,N242710,N242711,N242713,N242714,N242716,N242740,N242743,N242746,N242760,N242761,N242762,N242763,N242764,N242770
m_irsr2lissivpmono	dims_op_pl_eoweb1_XXXXB00000000379978318039	N226866,N226867,N226868,N250121,N250122,N250124,N250125,N250127,N250128,N25015,N250180,N250181,N250182,N250183,N250184,N250185,N250186,N250187,N25020,N250230,N250231,N250232,N250233,N250234,N250236,N250237,N250260,N250261,N250263
m_irsr2lissivpmono	dims_op_pl_eoweb1_XXXXB00000000379978318035	N227617,N227618,N227623,N227626,N227632,N227634,N227635,N227637,N227638,N22764,N22767,N227650,N227653,N227661,N227662,N227664,N227665,N227667,N227668,N251001,N251002,N251003,N251004,N251005,N251006,N251007,N251008,N251010,N251011,N251012,N251013,N251014
m_irsr2lissivpmono	dims_op_pl_eoweb1_XXXXB00000000379978318179	N260475,N260476,N260477,N260478,N26048,N260560,N260563,N260564,N260565,N260566,N260567,N260568,N260702,N260704,N260705,N260708,N26071,N26072,N260741,N260742,N260750,N260800,N260801,N260803
m_irsr2lissivpmono	dims_op_pl_eoweb1_XXXXB00000000379978318195	N243355,N243357,N243358,N243368,N243372,N243374,N243375,N243376,N243377,N243378,N24338,N243433,N243434,N243436,N243437,N243438,N243446,N243447,N24346,N243470,N243471,N243473,N243602,N243610,N243611,N243612,N243615,N243620,N243621,N243622,N243623,N243624,N243625,N243700
m_irsr2lissivpmono	dims_op_pl_eoweb1_XXXXB00000000379978318193	N237555,N237557,N237558,N237572,N237574,N237575,N237578,N23758,N237822,N23833,N23836,N238340,N238343,N238344,N238345,N238346,N238347,N238348,N238353,N238356,N238370,N238371,N238372,N238373,N238600,N238601
m_irsr2lissivpmono	dims_op_pl_eoweb1_XXXXB00000000379978318189	N235845,N235846,N235847,N235848,N235853,N235854,N235855,N235856,N235857,N235858,N235862,N235864,N235865,N235866,N235867,N235868,N23587,N23588,N238201,N238202,N238210,N238211,N238212,N238214,N238215,N238220,N243633,N243636,N243637,N243638,N243660,N243661,N243663
m_irsr2lissivpmono	dims_op_pl_eoweb1_XXXXB00000000379978318187	N260455,N260457,N260458,N260481,N260482,N260485,N260508,N260516,N260517,N260518,N260526,N260531,N260532,N260533,N260534,N260535,N260536,N260537,N260538,N26054,N260550,N260551,N260552,N260553,N260554,N260555,N260556,N260560,N260561,N260562,N260563,N260564,N260565,N260567,N260568,N260570,N260571,N260572,N260573,N260574,N260576
m_irsr2lissivpmono	dims_op_pl_eoweb1_XXXXB00000000379978318197	N243355,N243408,N243411,N243412,N243413,N243414,N243415,N243416,N243417,N243418,N24342,N24343,N24344,N243450,N243451,N243452,N243453,N243454,N243456,N243470,N243471,N243503,N243504,N243506,N243507
m_irsr2lissivpmono	dims_op_pl_eoweb1_XXXXB00000000379978318201	N235827,N235828,N235850,N235851,N235852,N235853,N235854,N235855,N235858,N243376,N243601,N243602,N243603,N243604,N243605,N243606,N243607,N243608,N24361,N24363,N243620,N243623,N243624,N243625,N243626,N243627,N243640,N243641,N243642,N243643,N243644,N243646
m_irsr2lissivpmono	dims_op_pl_eoweb1_XXXXB00000000379978318205	N241662,N241664,N241665,N241666,N241667,N241668,N24167,N241680,N241683,N241684,N241685,N241686,N241687,N241688,N243222,N243225,N244000,N244001,N244002,N244003,N244004,N244005,N244010,N244011,N244012,N244013,N244014,N244015,N244016,N244017,N244020,N244021
m_irsr2lissivpmono	dims_op_pl_eoweb1_XXXXB00000000379978318213	N235866,N235867,N235868,N238118,N238121,N238122,N238123,N238124,N238125,N238126,N238127,N238128,N238140,N238141,N238142,N238143,N238144,N238145,N23815,N23820,N238210,N238211,N238212,N238213,N238214,N238215,N238216,N238217,N238230,N238231,N238232,N238233,N238234,N238236
m_irsr2lissivpmono	dims_op_pl_eoweb1_XXXXB00000000379978318220	N180628,N180652,N180654,N180655,N180703,N180704,N180705,N180706,N180707,N180708,N180716,N180717,N180718,N180730,N180731,N180732,N180733,N180734,N180735,N180737,N180738,N18074,N180750,N180753,N180771
m_irsr2lissivpmono	dims_op_pl_eoweb1_XXXXB00000000379978318215	N243218,N243221,N243222,N243223,N243224,N243225,N243226,N243227,N243228,N243235,N243238,N24324,N24325,N243272,N243280,N243281,N244000,N244003,N244004,N244005,N244006,N244007,N244008,N244013,N244016,N244017,N244030,N244031,N244032,N244033,N244034,N244036,N244040
m_irsr2lissivpmono	dims_op_pl_eoweb1_XXXXB00000000379978318227	N180226,N180227,N180228,N180242,N180244,N180245,N180246,N180247,N180248,N18025,N18028,N180270,N180271,N180272,N180273,N180274,N180275,N18103,N181043,N181060,N181061,N181063,N181066
m_irsr2lissivpmono	dims_op_pl_eoweb1_XXXXB00000000379978318225	N238082,N238084,N238085,N238087,N238088,N238135,N238137,N238138,N238140,N238141,N238143,N238144,N238145,N238146,N238147,N238148,N238153,N238154,N238156,N238157,N238158,N23816,N23817,N238180,N238181,N238183,N238400,N238401,N238402,N238410
m_irsr2lissivpmono	dims_op_pl_eoweb1_XXXXB00000000379978318223	N180468,N180471,N180472,N180473,N180474,N180475,N180476,N180477,N180478,N180480,N180483,N180484,N180485,N180486,N180487,N180488,N180563,N180566,N180567,N180701,N180702,N180704,N180705,N180707,N180708,N18071,N180720,N180721,N180722,N180723,N180724,N180725,N180726,N180727,N180741,N180742,N180750,N180800
m_irsr2lissivpmono	dims_op_pl_eoweb1_XXXXB00000000379978318229	N180262,N180265,N180267,N180268,N180270,N180273,N180274,N180275,N180276,N180277,N180278,N180283,N180286,N180287,N180288,N180425,N180428,N18050,N18051,N180520,N180521,N180522,N180523,N180524,N180526,N180531,N180532,N180540,N180541,N180542,N180544
m_irsr2lissivpmono	dims_op_pl_eoweb1_XXXXB00000000379978318231	N180427,N180428,N180445,N180448,N18045,N180471,N180472,N180480,N180481,N180482,N180483,N180484,N180485,N180506,N180507,N180508,N18053,N180540,N180541,N180543,N180544,N180546,N180560,N180561,N180562,N180563,N180564,N180565,N180566,N180567,N180570
m_irsr2lissivpmono	dims_op_pl_eoweb1_XXXXB00000000379978318237	N157182,N157184,N157185,N157187,N157188,N157232,N157234,N157235,N157236,N157237,N157238,N157240,N157243,N157244,N157245,N157246,N157247,N157248,N157253,N157256,N157257,N15726,N15727,N157280,N157281,N157283,N157500,N157501,N157502,N157510,N157511
m_irsr2lissivpmono	dims_op_pl_eoweb1_XXXXB00000000379978318232	N157618,N157638,N157641,N157642,N157643,N157644,N157645,N157646,N157647,N157648,N15765,N15767,N157661,N157662,N157664,N157665,N157680,N157681,N157682,N157683,N157684,N157685,N157686,N157687,N157733,N157734,N157736,N157737,N157760,N181020
m_irsr2lissivpmono	dims_op_pl_eoweb1_XXXXB00000000379978318235	N157186,N157187,N157188,N157266,N157267,N157412,N157414,N157415,N157417,N157418,N15742,N157440,N157441,N157442,N157445,N157450,N157451,N157452,N157453,N157454,N157455,N157458,N15750,N157510,N157511,N157513,N157530,N157531,N157532,N157533,N157534,N157536
m_irsr2lissivpmono	dims_op_pl_eoweb1_XXXXB00000000379978318238	N157385,N157435,N157437,N157438,N15744,N15746,N15747,N157453,N157454,N157455,N157456,N157457,N157458,N157480,N157481,N157482,N157483,N157484,N157486,N157533,N157536,N157710,N157711,N157712
m_irsr2lissivpmono	dims_op_pl_eoweb1_XXXXB00000000379978318241	N154858,N154878,N154881,N154882,N154883,N154884,N154885,N154886,N154887,N154888,N155633,N155634,N155635,N155636,N155637,N155638,N155643,N155646,N155647,N155648,N155656,N15566,N155670,N155671,N155672,N155673,N155674,N155675,N155676,N155677,N155680,N157221,N157222,N158000,N158001,N158002,N158004,N158005,N158010
m_irsr2lissivpmono	dims_op_pl_eoweb1_XXXXB00000000379978318243	N154878,N154886,N154887,N157211,N157212,N157213,N157214,N157215,N157216,N157217,N157218,N15722,N15725,N157232,N157235,N157240,N157241,N157242,N157243,N157244,N157245,N157248,N158000,N158001,N158002,N158003,N158004,N158005,N158006,N158007,N158030,N158033
m_irsr2lissivpmono	dims_op_pl_eoweb1_XXXXB00000000379978318245	N155154,N155156,N155157,N155158,N155172,N155174,N155175,N155176,N155177,N155178,N15518,N155236,N155237,N155238,N15526,N155270,N155273,N155410,N155411,N155412,N155415,N155420,N155421,N155422,N155423,N155424,N155425,N155500,N155501,N155503
m_irsr2lissivpmono	dims_op_pl_eoweb1_XXXXB00000000379978318247	N152848,N152856,N152857,N152858,N152868,N152871,N152872,N152873,N152874,N152875,N152876,N152877,N152878,N15288,N155202,N155205,N155210,N155211,N155212,N155213,N155214,N155215,N155220,N155221,N155222,N155223,N155224,N155225,N155226,N155227,N230660,N230661,N230662,N230663,N230664,N230665,N230666,N230667,N233000
m_irsr2lissivpmono	dims_op_pl_eoweb1_XXXXB00000000379978318251	N155355,N155402,N155404,N155405,N155406,N155407,N155408,N15541,N15543,N15544,N155420,N155423,N155424,N155425,N155426,N155427,N155428,N155450,N155451,N155453,N155454,N155456,N155471,N155472
m_irsr2lissivpmono	dims_op_pl_eoweb1_XXXXB00000000379978318249	N155355,N155357,N155358,N155375,N155377,N155378,N15538,N155433,N155434,N155436,N155437,N155438,N155446,N155447,N15546,N155470,N155471,N155472,N155473,N155474,N155476,N155611,N155612,N155620,N155621,N155622,N155625,N155700,N155701,N155702,N155703,N155704
m_irsr2lissivpmono	dims_op_pl_eoweb1_XXXXB00000000379978318253	N230347,N230348,N230365,N230367,N230368,N23037,N23038,N230460,N230463,N230464,N230466,N230601,N230602,N230603,N230604,N230605,N23061,N230620,N230621,N230622,N230623,N230624,N230626,N230627
m_irsr2lissivpmono	dims_op_pl_eoweb1_XXXXB00000000379978318255	N230325,N230327,N230328,N230345,N230347,N230348,N23035,N230371,N230372,N230380,N230381,N230382,N230403,N230404,N230405,N230406,N230407,N230408,N230416,N230417,N230418,N23043,N230440,N230441,N230442,N230443,N230444,N230446,N230460,N230461,N230462,N230463,N230464
m_irsr2lissivpmono	dims_op_pl_eoweb1_XXXXB00000000379978318259	N230162,N230165,N230167,N230168,N23017,N230180,N230181,N230183,N230184,N230185,N230186,N230187,N230188,N230263,N230325,N230400,N230401,N230402,N230403,N230404,N230405,N230407,N230408,N23041,N230420,N230421,N230422,N230423,N230424,N230426,N230442
m_irsr2lissivpmono	dims_op_pl_eoweb1_XXXXB00000000379978318257	N152828,N152848,N152851,N152852,N152853,N152854,N152855,N152856,N152857,N152858,N152881,N152882,N230603,N230604,N230605,N230606,N230607,N230608,N230613,N230614,N230616,N230617,N230618,N230626,N23063,N230640,N230641,N230642,N230643,N230644,N230645,N230646,N230647,N230650,N230660,N230661,N230662,N230670
m_irsr2lissivpmono	dims_op_pl_eoweb1_XXXXB00000000379978318265	N157663,N157664,N157665,N157666,N157667,N157668,N157673,N157676,N157677,N157678,N157686,N157687,N180222,N180224,N180225,N180226,N180227,N180228,N180251,N180252,N18100,N18101,N181020,N181023,N181030,N181031,N181032,N181034,N181035,N181040,N181041,N181043
m_irsr2lissivpmono	dims_op_pl_eoweb1_XXXXB00000000379978318263	N155377,N155378,N155605,N155607,N155608,N15561,N15562,N15564,N155631,N155632,N155633,N155634,N155635,N155650,N155651,N155652,N155653,N155654,N155656,N155657,N155703,N155704,N155706
m_irsr2lissivpmono	dims_op_pl_eoweb1_XXXXB00000000379978318261	N155152,N155154,N155155,N155157,N155158,N155201,N155202,N155203,N155204,N155205,N155206,N155207,N155208,N155210,N155213,N155214,N155215,N155216,N155217,N155218,N155223,N155224,N155226,N155227,N15523,N15524,N155250,N155253,N155261,N155262,N155270,N155271
m_irsr2lissivpmono	dims_op_pl_eoweb1_XXXXB00000000379978318275	N243182,N243184,N243185,N243186,N243187,N243188,N243235,N243237,N243238,N243246,N243247,N243248,N24326,N24327,N243280,N243281,N243283,N243412,N243420,N243421,N243422,N243424,N243425,N243500,N243501,N243502,N243503,N243504,N243505,N243510
m_irsr2lissivpmono	dims_op_pl_eoweb1_XXXXB00000000379978318267	N230124,N230125,N230126,N230127,N230128,N230142,N230144,N230145,N230146,N230147,N230148,N23015,N230170,N230171,N230172,N230180,N230181,N230182,N230183,N230184,N230185,N230206,N230207,N230208,N230216,N23023,N230240,N230241,N230243,N230260,N230261,N230263
m_irsr2lissivpmono	dims_op_pl_eoweb1_XXXXB00000000379978318271	N207318,N207326,N207338,N207341,N207342,N207343,N207344,N207345,N207346,N207347,N207348,N20735,N207361,N207362,N207364,N207365,N207370,N207371,N207372,N207373,N207374,N207375,N207378,N207380,N207381,N207382,N207383,N207384,N207385,N207386,N207387,N207430,N207431,N207432,N207433,N207434,N207435,N207436,N207437,N207460
m_irsr2lissivpmono	dims_op_pl_eoweb1_XXXXB00000000379978318269	N206862,N206864,N206865,N206866,N206867,N206868,N206870,N206871,N206873,N206874,N206875,N206876,N206877,N206878,N206883,N206884,N206885,N206886,N206887,N206888,N230122,N230124,N230125,N230127,N230128,N23020,N23021,N230220,N230221,N230223,N230232,N230240,N230241
m_irsr2lissivpmono	dims_op_pl_eoweb1_XXXXB00000000379978318281	N206588,N206821,N206822,N206823,N206824,N206825,N206826,N206827,N206828,N206852,N207361,N207363,N207364,N207365,N207366,N207367,N207368,N207373,N207374,N207375,N207376,N207377,N207378,N207383,N207386,N207387,N20760,N207610,N207611,N207612,N207613,N207614,N207615,N207616,N207617,N207620,N207630,N207631,N207632,N207640
m_irsr2lissivpmono	dims_op_pl_eoweb1_XXXXB00000000379978318279	N207088,N207163,N207164,N207165,N207166,N207167,N207168,N207173,N207176,N207177,N207178,N207186,N207318,N207321,N207322,N207323,N207324,N207325,N207326,N207327,N207328,N207342,N207350,N207351,N207352,N20740,N207410,N207411,N207412,N207413,N207414,N207415,N207416,N207417,N207420,N207430,N207431,N207432,N207434,N207435,N207440
m_irsr2lissivpmono	dims_op_pl_eoweb1_XXXXB00000000379978318283	N204785,N204788,N204835,N204837,N204838,N20484,N20486,N20487,N204853,N204854,N204855,N204856,N204857,N204858,N204880,N204881,N204882,N204883,N204884,N204886,N205633,N205636,N207210,N207211,N207212
m_irsr2lissivpmono	dims_op_pl_eoweb1_XXXXB00000000379978318289	N207135,N207137,N207138,N20714,N20715,N20717,N207161,N207162,N207163,N207164,N207165,N207168,N207180,N207181,N207182,N207183,N207184,N207185,N207186,N207187,N207233,N207234,N207236
m_irsr2lissivpmono	dims_op_pl_eoweb1_XXXXB00000000379978318285	N206818,N206826,N206827,N206828,N206842,N206844,N206845,N206846,N206847,N206848,N20685,N206862,N206870,N206871,N206872,N206873,N206874,N206875,N206880,N206881,N206882,N206883,N206884,N206885,N206887,N206888,N207606,N20763,N207640,N207660,N207661,N207663
m_irsr2lissivpmono	dims_op_pl_eoweb1_XXXXB00000000379978318287	N204785,N204787,N204788,N204863,N204866,N204867,N204868,N204876,N204877,N207115,N207117,N207118,N20712,N207141,N207142,N207150,N207151,N207152,N207154,N207155,N20720,N207210,N207211,N207212,N207213,N207214,N207216,N207230,N207231,N207232,N207233,N207234
m_irsr2lissivpmono	dims_op_pl_eoweb1_XXXXB00000000379978318303	N204587,N204588,N204815,N204817,N204818,N20482,N204840,N204841,N204842,N204844,N204845,N204850,N204851,N204852,N204853,N204854,N204855,N205366,N205367,N20560,N205610,N205611,N205613,N205614,N205616,N205630,N205631,N205632,N205633,N205634,N205636
m_irsr2lissivpmono	dims_op_pl_eoweb1_XXXXB00000000379978318325	N204585,N204587,N204588,N205335,N205337,N205338,N205343,N205344,N205345,N205346,N205347,N205348,N205353,N205356,N205357,N205358,N20536,N20537,N205380,N205381,N205382,N205383,N205384,N205386,N205600,N205601,N205602,N205610,N205611,N205612
m_irsr2lissivpmono	dims_op_pl_eoweb1_XXXXB00000000379978318323	N237764,N237765,N237766,N237767,N237768,N237773,N237774,N237776,N237777,N237778,N237786,N237787,N261018,N261021,N261022,N261023,N261024,N261025,N261026,N261027,N261028,N261050,N261051,N261052,N26110,N261110,N261111,N261112,N261113,N261114,N261115,N261116,N261117,N261120,N261121,N261130,N261131,N261132,N261133,N261134,N261135,N261140
m_irsr2lissivpmono	dims_op_pl_eoweb1_XXXXB00000000379978318319	N205086,N205087,N205312,N205314,N205315,N205316,N205317,N205318,N20532,N20535,N205332,N205335,N205340,N205341,N205342,N205343,N205344,N205345,N20540,N205410,N205413,N205430,N205431,N205433,N205436
m_irsr2lissivpmono	dims_op_pl_eoweb1_XXXXB00000000379978318327	N205082,N205084,N205085,N205086,N205087,N205088,N205134,N205135,N205136,N205137,N205138,N205143,N205146,N205147,N205148,N205156,N205157,N20516,N20517,N205180,N205181,N205183,N205320,N205321,N205322,N205400,N205401,N205402,N205405,N205410,N205411,N205413
m_irsr2lissivpmono	dims_op_pl_eoweb1_XXXXB00000000379978318328	N157385,N157387,N157388,N157463,N157464,N157466,N157467,N157468,N157476,N157477,N157618,N15762,N157642,N157650,N157651,N157652,N157654,N157655,N15770,N157710,N157711,N157712,N157713,N157714,N157716,N157717,N157730,N157731,N157732,N157733,N157734,N157735,N157740
m_irsr2lissivpmono	dims_op_pl_eoweb1_XXXXB00000000379978318333	N202782,N202784,N202785,N202786,N202787,N202788,N202836,N202837,N202838,N202846,N202847,N202848,N20286,N20287,N202880,N202881,N202883,N205112,N205120,N205121,N205122,N205124,N205125,N205200,N205201,N205202,N205203,N205204,N205205,N205210,N205211,N205213
m_irsr2lissivpmono	dims_op_pl_eoweb1_XXXXB00000000379978318343	N210314,N210315,N210316,N210317,N210318,N210323,N210326,N210327,N210328,N210332,N210334,N210335,N210336,N210337,N210338,N21034,N21035,N210360,N210361,N210362,N210370,N210371,N210372,N210375,N210380,N210381,N210383,N210406,N210407,N210430,N210431,N210433
m_irsr2lissivpmono	dims_op_pl_eoweb1_XXXXB00000000379978318341	N202582,N202584,N202585,N202586,N202587,N202588,N202812,N202815,N202820,N202821,N202822,N202823,N202824,N202825,N210336,N210337,N21036,N21037,N210380,N210383,N21060,N210610,N210611,N210613
m_irsr2lissivpmono	dims_op_pl_eoweb1_XXXXB00000000379978318349	N205112,N205114,N205115,N205116,N205117,N205118,N20512,N20514,N20515,N205132,N205134,N205135,N205138,N205181,N205200,N205203,N205204,N205205,N205206,N205207,N205208,N205230,N205231,N205233
m_irsr2lissivpmono	dims_op_pl_eoweb1_XXXXB00000000379978318347	N210082,N210084,N210085,N210086,N210087,N210088,N21016,N210170,N210173,N210174,N210175,N210176,N210177,N210178,N210312,N210314,N210315,N210318,N21032,N21040,N210410,N210411,N210413
m_irsr2lissivpmono	dims_op_pl_eoweb1_XXXXB00000000379978318355	N202812,N202814,N202815,N202816,N202817,N202818,N202823,N202824,N202825,N202826,N202827,N202828,N202832,N202834,N202835,N202837,N202838,N20284,N20285,N202871,N202872,N202880,N202881,N210603,N210604,N210606,N210607,N210608,N210630,N210631,N210633
m_irsr2lissivpmono	dims_op_pl_eoweb1_XXXXB00000000379978318357	N210082,N210116,N210117,N210118,N210126,N210127,N210128,N210132,N210134,N210135,N210136,N210137,N210138,N21014,N21015,N210160,N210161,N210162,N210165,N210170,N210171,N210172,N210173,N210174,N210175,N210180,N210181,N210183,N210230,N210233
m_irsr2lissivpmono	dims_op_pl_eoweb1_XXXXB00000000379978318367	Q012011,Q012012,Q012014,Q012015,Q012016,Q012017,Q012018,Q012020,Q012023,Q012024,Q012025,Q012026,Q012027,Q012028,Q012035,Q012038,Q01204,Q01205,Q012082,Q012103,Q012104,Q012105,Q012106,Q012107,Q012108,Q012130,Q012131,Q012133,Q012134,Q012136,Q012160
m_irsr2lissivpmono	dims_op_pl_eoweb1_XXXXB00000000379978318365	Q012035,Q012038,Q012043,Q012046,Q012047,Q012048,Q012056,Q012057,Q012058,Q012062,Q012064,Q012065,Q012067,Q012068,Q01207,Q01208,Q012136,Q012160,Q012163,Q012301,Q012302,Q012310,Q012311,Q012312,Q012314,Q012315,Q012320,Q012321,Q012322,Q012323,Q012324,Q012325
m_irsr2lissivpmono	dims_op_pl_eoweb1_XXXXB00000000379978318360	N210112,N210114,N210115,N210116,N210117,N210118,N21012,N210151,N210152,N21020,N210210,N210211,N210213,N210230,N210231,Q012011,Q012012,Q012015,Q012020,Q012021,Q012022,Q012023,Q012024,Q012025,Q012100,Q012101,Q012102,Q012103,Q012104,Q012105,Q012108
m_irsr2lissivpmono	dims_op_pl_eoweb1_XXXXB00000000379978318369	Q011555,Q012301,Q012302,Q012303,Q012304,Q012305,Q012306,Q012307,Q012308,Q01231,Q01234,Q012323,Q012324,Q012326,Q012327,Q012330,Q012331,Q012332,Q012333,Q012334,Q012335,Q012337,Q012338,Q012350,Q012351,Q012353,Q012356
m_irsr2lissivpmono	dims_op_pl_eoweb1_XXXXB00000000379978318372	Q011555,Q011558,Q011582,Q011584,Q011585,Q011587,Q011588,Q011821,Q011822,Q012333,Q012334,Q012335,Q012336,Q012337,Q012338,Q012346,Q012347,Q012348,Q012356,Q01236,Q01237,Q012380,Q012600,Q012601,Q012602,Q012610,Q012611,Q012612,Q012613,Q012614
m_irsr2lissivpmono	dims_op_pl_eoweb1_XXXXB00000000379978318375	Q011845,Q011848,Q011853,Q011854,Q011855,Q011856,Q011857,Q011858,Q011871,Q011872,Q011874,Q011875,Q01188,Q012633,Q012634,Q012636,Q012637,Q012638,Q012646,Q01266,Q012670
m_irsr2lissivpmono	dims_op_pl_eoweb1_XXXXB00000000379978318371	Q011587,Q011588,Q01182,Q011842,Q011845,Q011850,Q011851,Q011852,Q011853,Q011854,Q011855,Q01260,Q01263,Q012610,Q012611,Q012613,Q012614,Q012616,Q012617,Q012640,Q012641,Q012643,Q012646
m_irsr2lissivpmono	dims_op_pl_eoweb1_XXXXB00000000379978318455	N128727,N128728,N128748,N128751,N128752,N128753,N128754,N128755,N128756,N128757,N128758,N128771,N128772,N128780,N128781,N128782,N128783,N128784,N128785,N128806,N128807,N128808,N12883,N128840,N128841,N128842,N128843,N128844,N128845,N128846,N128847,N128860,N128861,N128862,N128863,N128864,N128865,N128867,N128870
m_irsr2lissivpmono	dims_op_pl_eoweb1_XXXXB00000000379978318439	N128771,N128772,N128773,N128774,N128775,N128776,N128777,N128778,N128780,N128783,N128784,N128785,N128786,N128787,N128788,N128863,N128864,N128866,N128867,N152102,N152104,N152105,N152107,N152108,N15211,N15212,N152142,N152150,N152151,N152200,N152201,N152203
m_irsr2lissivpmono	dims_op_pl_eoweb1_XXXXB00000000379978318451	N151815,N151817,N151818,N151823,N151824,N151825,N151826,N151827,N151828,N151835,N151838,N15184,N15185,N151871,N151872,N151880,N151881,N151882,N152603,N152606,N152607,N152608,N152630,N152631,N152632,N152633,N152634,N152636
m_irsr2lissivpmono	dims_op_pl_eoweb1_XXXXB00000000379978318452	N152052,N152055,N152057,N152058,N152081,N152082,N152104,N152105,N152106,N152107,N152108,N152116,N152117,N152118,N152126,N15213,N15214,N152150,N152151,N152153,N152156,N152160,N152161,N152162,N152163,N152164,N152165,N152170,N152171,N152172,N152173,N152174
m_irsr2lissivpmono	dims_op_pl_eoweb1_XXXXB00000000379978318445	N152075,N152077,N152078,N15208,N152160,N152161,N152163,N152164,N152165,N152166,N152167,N152168,N152173,N152174,N152176,N152311,N152312,N152313,N152314,N152315,N152318,N15232,N152400,N152401,N152402,N152403,N152404,N152405,N152406,N152407,N152430
m_irsr2lissivpmono	dims_op_pl_eoweb1_XXXXB00000000379978318447	N151582,N151584,N151585,N151586,N151587,N151588,N151812,N151815,N151820,N151821,N151822,N151823,N151824,N151825,N151828,N152336,N152337,N15236,N15237,N152383,N15260,N152610,N152611,N152613,N152616
m_irsr2lissivpmono	dims_op_pl_eoweb1_XXXXB00000000379978318442	N152308,N152313,N152314,N152315,N152316,N152317,N152318,N152323,N152326,N152327,N152328,N152331,N152332,N152333,N152334,N152335,N152336,N152337,N152338,N15234,N152350,N152351,N152352,N152353,N152354,N152355,N152356,N152357,N152360,N152361,N152362,N152370,N152371,N152372,N152374,N152375,N152380,N152381,N152383,N152406,N152430
m_irsr2lissivpmono	dims_op_pl_eoweb1_XXXXB00000000379978318441	N151788,N151838,N151846,N151847,N151848,N151861,N151862,N151863,N151864,N151865,N151866,N151867,N151868,N15187,N151880,N151881,N151882,N151883,N151884,N151885,N151886,N151887,N154122,N154125,N154200,N154201,N154202,N154203,N154204,N154205,N15421,N154220
m_irsr2lissivpmono	dims_op_pl_eoweb1_XXXXB00000000379978318457	N203685,N203687,N203688,N203766,N203767,N203768,N203776,N203777,N206015,N206017,N206018,N20602,N206041,N206042,N206050,N206051,N206052,N206054,N206055,N20610,N206110,N206111,N206112,N206113,N206114,N206116,N206130,N206131,N206132,N206133,N206134
m_irsr2lissivpmono	dims_op_pl_eoweb1_XXXXB00000000379978318467	N128526,N128527,N128542,N128544,N128545,N128546,N128547,N128548,N12855,N12858,N128565,N128570,N128571,N128572,N128573,N128574,N128575,N20633,N206340,N206343,N206360,N206361,N206363,N206366
m_irsr2lissivpmono	dims_op_pl_eoweb1_XXXXB00000000379978318465	N203682,N203685,N203687,N203688,N203732,N203734,N203735,N203736,N203737,N203738,N203740,N203741,N203743,N203744,N203745,N203746,N203747,N203748,N203753,N203754,N203755,N203756,N203757,N203758,N20376,N20377,N203780,N203781,N203783,N203786,N206110,N206111,N206112
m_irsr2lissivpmono	dims_op_pl_eoweb1_XXXXB00000000379978318463	N128288,N128521,N128522,N128524,N128525,N128526,N128527,N128528,N128550,N128551,N128552,N206063,N206064,N206065,N206066,N206067,N206068,N206073,N206076,N206077,N206078,N206086,N20630,N20631,N206320,N206330,N206331,N206332,N206335,N206340,N206341,N206343
m_irsr2lissivpmono	dims_op_pl_eoweb1_XXXXB00000000379978318461	N128565,N128567,N128568,N128570,N128573,N128574,N128575,N128576,N128577,N128578,N128583,N128584,N128586,N128587,N128588,N128725,N128728,N12880,N12881,N128820,N128821,N128822,N128823,N128824,N128826,N128831,N128832,N128840,N128841,N128842
m_irsr2lissivpmono	dims_op_pl_eoweb1_XXXXB00000000379978318459	N206038,N20604,N20605,N20607,N206061,N206062,N206063,N206064,N206065,N206068,N206080,N206081,N206082,N206083,N206084,N206085,N206086,N206087,N206133,N206134,N206136,N206137,N206160
m_irsr2lissivpmono	dims_op_pl_eoweb1_XXXXB00000000379978318469	N203458,N203481,N203482,N203483,N203484,N203485,N203486,N203487,N203488,N203533,N203534,N203535,N203536,N203537,N203538,N203543,N203544,N203546,N203547,N203548,N203556,N20356,N203570,N203571,N203572,N203573,N203574,N203575,N203576,N203577,N203580,N203722,N203800,N203801,N203802,N203810
m_irsr2lissivpmono	dims_op_pl_eoweb1_XXXXB00000000379978318471	N201648,N201656,N201657,N201658,N201668,N201671,N201672,N201673,N201674,N201675,N201676,N201677,N201678,N20168,N201736,N201737,N201760,N201761,N201762,N201763,N201764,N201765,N201766,N201767,N201770,N204002,N204010,N204011,N204012,N204014,N204015,N204020,N204021,N204022,N204023,N204024,N204025,N204100,N204103
m_irsr2lissivpmono	dims_op_pl_eoweb1_XXXXB00000000379978318479	N203478,N203486,N203487,N203488,N203566,N203711,N203712,N203714,N203715,N203716,N203717,N203718,N20372,N203732,N203740,N203741,N203742,N203743,N203744,N203745,N203750,N203751,N203752,N203753,N203754,N203755,N203758,N20380,N203810,N203830,N203831,N203833
m_irsr2lissivpmono	dims_op_pl_eoweb1_XXXXB00000000379978318475	N203254,N203255,N203256,N203257,N203258,N203272,N203275,N203277,N203278,N20328,N203511,N203512,N203520,N203521,N203522,N203525,N204033,N204036,N204037,N204038,N204046,N204047,N20406,N204070,N204071,N204073,N204076,N204300,N204301,N204302,N204303,N204304
m_irsr2lissivpmono	dims_op_pl_eoweb1_XXXXB00000000379978318476	N203252,N203254,N203255,N203258,N204002,N204004,N204005,N204006,N204007,N204008,N20401,N20403,N20404,N204023,N204024,N204025,N204026,N204027,N204028,N204050,N204051,N204053,N204071
m_irsr2lissivpmono	dims_op_pl_eoweb1_XXXXB00000000379978318473	N203277,N203505,N203507,N203508,N20351,N20352,N203530,N203531,N203532,N203533,N203534,N203535,N203540,N203541,N203542,N203543,N203544,N203545,N203547,N203548,N203550,N203551,N203552,N203553,N203554,N203556,N203557,N204300,N204303,N204304,N204306
m_irsr2lissivpmono	dims_op_pl_eoweb1_XXXXB00000000379978318481	N201625,N201628,N201651,N201652,N201653,N201654,N201655,N201656,N201657,N201658,N201700,N201703,N201704,N201705,N201706,N201707,N201708,N201713,N201714,N201715,N201716,N201717,N201718,N201723,N201726,N20173,N201740,N201741,N201742,N201743,N201744,N201745,N201746,N201747,N201750,N201760,N201761,N201762,N201770
m_irsr2lissivpmono	dims_op_pl_eoweb1_XXXXB00000000379978318483	N201424,N201425,N201426,N201427,N201428,N201442,N201445,N201447,N201448,N20145,N201471,N201472,N201480,N201481,N201482,N201503,N201504,N201506,N201507,N201508,N201516,N201517,N201518,N20153,N201540,N201541,N201543,N201546,N201560,N201561,N201562,N201563,N201564
m_irsr2lissivpmono	dims_op_pl_eoweb1_XXXXB00000000379978318485	N201447,N201448,N201465,N201467,N201468,N20147,N20148,N201560,N201561,N201563,N201564,N201566,N201700,N201701,N201702,N201703,N201704,N201705,N201710,N201711,N201712,N201713,N201714,N201715,N201717,N201718,N201720,N201721,N201722,N201723,N201724,N201726
m_irsr2lissivpmono	dims_op_pl_eoweb1_XXXXB00000000379978318489	Q020202,Q020204,Q020205,Q020207,Q020208,Q020210,Q020213,Q020214,Q020215,Q020216,Q020217,Q020218,Q020223,Q020224,Q020225,Q020226,Q020227,Q020228,Q020231,Q020232,Q020233,Q020234,Q020235,Q020236,Q020237,Q020238,Q02024,Q020250,Q020251,Q020252,Q020253,Q020254,Q020255,Q020256,Q020257,Q020272,Q020280,Q020281,Q021003
m_irsr2lissivpmono	dims_op_pl_eoweb1_XXXXB00000000379978318487	N201218,N201226,N201227,N201228,N201241,N201242,N201243,N201244,N201245,N201246,N201247,N201248,N20125,N201262,N201270,N201271,N201272,N201275,N201280,N201281,N201282,N201283,N201284,N201285,N202006,N202007,N202030,N202031,N202032,N202033,N202034,N202035,N202036,N202037,N202040,N202060,N202061,N202063
m_irsr2lissivpmono	dims_op_pl_eoweb1_XXXXB00000000379978318491	Q020185,Q020188,Q020233,Q020234,Q020236,Q020237,Q020238,Q020246,Q020247,Q020248,Q020256,Q02026,Q02027,Q020280,Q020281,Q020283,Q020284,Q020286,Q020422,Q020500,Q020501,Q020502,Q020505,Q020510,Q020511,Q020512,Q020513,Q020514,Q020515,Q020520
m_irsr2lissivpmono	dims_op_pl_eoweb1_XXXXB00000000379978318497	Q020743,Q020744,Q020745,Q020746,Q020747,Q020748,Q020753,Q020754,Q020755,Q020756,Q020757,Q020758,Q020762,Q020765,Q020768,Q02077,Q02078,Q020836,Q020837,Q020860,Q020863,Q020866,Q023110,Q023111,Q023112,Q023120,Q023121,Q023122
m_irsr2lissivpmono	dims_op_pl_eoweb1_XXXXB00000000379978318495	Q020421,Q020422,Q020424,Q020425,Q020427,Q020428,Q020450,Q020451,Q020452,Q020453,Q020454,Q020455,Q020458,Q02050,Q02053,Q020510,Q020513,Q020514,Q020515,Q020516,Q020517,Q020518,Q020540,Q020541,Q020542,Q020543,Q020544,Q020546,Q020547
m_irsr2lissivpmono	dims_op_pl_eoweb1_XXXXB00000000379978318493	N201221,N201222,N201223,N201224,N201225,N201226,N201227,N201228,N20200,N202010,N202011,N202012,N202013,N202014,N202015,N202016,N202017,N202020,N202030,N202031,N202032,N202040,Q020202,Q020205,Q020210,Q020211,Q020212,Q020213,Q020214,Q020215,Q020220,Q020221,Q020222,Q020223,Q020224,Q020225,Q020228,Q021000,Q021003
m_irsr2lissivpmono	dims_op_pl_eoweb1_XXXXB00000000379978318499	Q023082,Q023085,Q023133,Q023134,Q023135,Q023136,Q023137,Q023138,Q023143,Q023144,Q023145,Q023146,Q023147,Q023148,Q023156,Q023160,Q023161,Q023162,Q023163,Q023164,Q023165,Q02317,Q023180,Q023183,Q023186
m_irsr2lissivpmono	dims_op_pl_eoweb1_XXXXB00000000379978318503	N201262,N201264,N201265,N201266,N201267,N201268,N20127,N201280,N201283,N201284,N201285,N201286,N201287,N201288,N201422,N201424,N201425,N20150,N20151,N201520,N201521,N201523
m_irsr2lissivpmono	dims_op_pl_eoweb1_XXXXB00000000379978318505	Q020453,Q020454,Q020455,Q020456,Q020457,Q020458,Q020472,Q020475,Q020478,Q02048,Q020533,Q020536,Q020537,Q020538,Q020546,Q020547,Q02056,Q020570,Q020571,Q020573,Q020576,Q020712,Q020720,Q020721,Q020722,Q020800,Q020801,Q020802,Q020804,Q020805
m_irsr2lissivpmono	dims_op_pl_eoweb1_XXXXB00000000379978318513	Q020768,Q020776,Q020777,Q023101,Q023102,Q023104,Q023105,Q023107,Q023108,Q02311,Q02312,Q023130,Q023131,Q023132,Q023133,Q023134,Q023135,Q023140,Q023141,Q023142,Q023143,Q023144,Q023145,Q023147,Q023148,Q023150,Q023151,Q023153,Q023154,Q023156,Q023157
m_irsr2lissivpmono	dims_op_pl_eoweb1_XXXXB00000000379978318519	Q020478,Q020486,Q020711,Q020712,Q020714,Q020715,Q020717,Q020718,Q02072,Q02075,Q020740,Q020741,Q020742,Q020743,Q020744,Q020745,Q02080,Q020830,Q020831,Q020833,Q020834,Q020836,Q020837
m_irsr2lissivpmono	dims_op_pl_eoweb1_XXXXB00000000379978318516	N154121,N154122,N154124,N154125,N154126,N154127,N154128,N154142,N154145,N154150,N154151,N154152,N154153,N154154,N154155,N154200,N154203,N154204,N154205,N154206,N154207,N154208,N154213,N154214,N154216,N154217,N15423,N154240,N154241,N154243
m_irsr2lissivpmono	dims_op_pl_eoweb1_XXXXB00000000379978318564	N148707,N148730,N148731,N148732,N148734,N148735,N148740,N148741,N148743,N148744,N148745,N148747,N148748,N148753,N148754,N148756
m_irsr2lissivpmono	dims_op_pl_eoweb1_XXXXB00000000379978318563	N127427,N127428,N127445,N127448,N12745,N127471,N127472,N127474,N127475,N127480,N127481,N127482,N127483,N127484,N127485,N127488,N12753,N127540,N127541,N127543,N127544,N127546,N127560,N127561,N127562,N127563,N127564,N127565,N127566,N127567,N127570
m_irsr2lissivpmono	dims_op_pl_eoweb1_XXXXB00000000379978318571	N145878,N145886,N145887,N145888,N148212,N148214,N148215,N148216,N148217,N148218,N14822,N148240,N148241,N148242,N148243,N148244,N148245,N148250,N148251,N148252,N148253,N148254,N148255,N148257,N148258,N15600,N156030,N156031,N156033,N156034,N156036
m_irsr2lissivpmono	dims_op_pl_eoweb1_XXXXB00000000379978318569	N148473,N148474,N148475,N148476,N148477,N148478,N148486,N148487,N148488,N148702,N148704,N148705,N148707,N148708,N14871,N14872,N148731,N148732,N148740,N148741,N148742,N148744,N148745,N148750,N148751,N148752,N148753,N148754,N148800,N148803
m_irsr2lissivpmono	dims_op_pl_eoweb1_XXXXB00000000379978318567	N148445,N148448,N14845,N14848,N148471,N148472,N148473,N148474,N148475,N148477,N148478,N148530,N148533,N148534,N148535,N148536,N148537,N148538,N148543,N148546,N148560,N148561,N148562,N148563,N148564,N148565,N148566,N148567,N148570,N148722,N148800,N148801
m_irsr2lissivpmono	dims_op_pl_eoweb1_XXXXB00000000379978318573	N148235,N148237,N148238,N148240,N148241,N148243,N148244,N148245,N148246,N148247,N148248,N148253,N148254,N148256,N148257,N148258,N148261,N148262,N148263,N148264,N148265,N148266,N148267,N148268,N14827,N148280,N148281,N148282,N148283,N148284,N148285,N148286,N148287,N148510,N148511,N148512,N148520,N156036
m_irsr2lissivpmono	dims_op_pl_eoweb1_XXXXB00000000379978318575	N145855,N153368,N153376,N153601,N153602,N153604,N153605,N153606,N153607,N153608,N15361,N15364,N153620,N153621,N153623,N153624,N153625,N153626,N153627,N153628,N153630,N153631,N153632,N153633,N153634,N153635,N153638,N153650,N153651,N153653,N153656
m_irsr2lissivpmono	dims_op_pl_eoweb1_XXXXB00000000379978318577	N153321,N153322,N153324,N153325,N153326,N153327,N153328,N153342,N153345,N15335,N15340,N15343,N153413,N153414,N153415,N153416,N153417,N153418,N153440,N153441,N153443,N153446,N153461,N153462
m_irsr2lissivpmono	dims_op_pl_eoweb1_XXXXB00000000379978318579	N151014,N151015,N151016,N151017,N151018,N151026,N151027,N151028,N151035,N151037,N151038,N15104,N15105,N151061,N151062,N151070,N151071,N151072,N151074,N151075,N151080,N151081,N151082,N151083,N151084,N151106,N151130,N151131,N151133,N151134,N151136
m_irsr2lissivpmono	dims_op_pl_eoweb1_XXXXB00000000379978318583	N148188,N148266,N148267,N148268,N148276,N148422,N148424,N148425,N148427,N148428,N148450,N148451,N148452,N148455,N14850,N14851,N148520,N148523,N148530,N148531,N148532,N148533,N148534,N148535,N148538,N148540,N148541,N148543,N148544,N148546
m_irsr2lissivpmono	dims_op_pl_eoweb1_XXXXB00000000379978318581	N153345,N153347,N153348,N153353,N153354,N153356,N153357,N153358,N153368,N15337,N15338,N153436,N153437,N153438,N153460,N153461,N153462,N153463,N153464,N153466,N153467,N153602,N153610,N153611,N153612,N153620,N153621,N153622,N153623,N153624,N153625,N153700
m_irsr2lissivpmono	dims_op_pl_eoweb1_XXXXB00000000379978318585	N127471,N127473,N127474,N127475,N127476,N127477,N127478,N127483,N127484,N127485,N127486,N127487,N127488,N127563,N127566,N127567,N127702,N127704,N127705,N127707,N127708,N12771,N12772,N127740,N127741,N127742,N127750,N127751,N127800,N127801,N127803
m_irsr2lissivpmono	dims_op_pl_eoweb1_XXXXB00000000379978318586	N145855,N145857,N145858,N145881,N145882,N145883,N145884,N145885,N145886,N145887,N145888,N148221,N148222,N153633,N153634,N153635,N153636,N153637,N153638,N153643,N153646,N153647,N153648,N15366,N153670,N153671,N153672,N153673,N153674,N153676,N153677,N156000,N156001,N156002,N156005,N156010,N156013
m_irsr2lissivpmono	dims_op_pl_eoweb1_XXXXB00000000379978318591	Q022025,Q022028,Q022051,Q022052,Q022054,Q022055,Q022057,Q022058,Q022100,Q022101,Q022103,Q022104,Q022105,Q022106,Q022107,Q022108,Q022113,Q022114,Q022115,Q022116,Q022117,Q022118,Q022123,Q022126,Q02213,Q02214,Q022150,Q022170,Q022171,Q022172
m_irsr2lissivpmono	dims_op_pl_eoweb1_XXXXB00000000379978318589	N127655,N127657,N127658,N127681,N127682,N127685,N127707,N127708,N127716,N127717,N12773,N12774,N127750,N127751,N127753,N127754,N127756,N127760,N127761,N127762,N127763,N127764,N127765,N127770,N127771,N127772,N127773,N127774,N127775,N127777
m_irsr2lissivpmono	dims_op_pl_eoweb1_XXXXB00000000379978318593	N127678,N127681,N127682,N127683,N127684,N127685,N127686,N127687,N127688,N127760,N127763,N127764,N127765,N127766,N127767,N127768,N127773,N127774,N127776,N127777,N151012,N151014,N151015,N151017,N151018,N15102,N151052,N15110,N151110,N151113,N151130,N151131
m_irsr2lissivpmono	dims_op_pl_eoweb1_XXXXB00000000379978318597	N150288,N150522,N150524,N150525,N151061,N151062,N151063,N151064,N151065,N151066,N151067,N151068,N15107,N151083,N151084,N151086,N151087,N15130,N15131,N151320,N151341
m_irsr2lissivpmono	dims_op_pl_eoweb1_XXXXB00000000379978318595	N127238,N12724,N12725,N12727,N12728,N127261,N127262,N127264,N127265,N128033,N128034,N128036,N128037,N128060
m_irsr2lissivpmono	dims_op_pl_eoweb1_XXXXB00000000379978318601	N124884,N124885,N124886,N124887,N124888,N125666,N125667,N125668,N125676,N127215,N127217,N127218,N12722,N127241,N127242,N127250,N127251,N127252,N127254,N127255,N12800,N128010,N128011,N128013,N128014,N128016,N128030,N128031,N128032,N128033,N128034
m_irsr2lissivpmono	dims_op_pl_eoweb1_XXXXB00000000379978318599	N127264,N127265,N127266,N127267,N127268,N127273,N127274,N127276,N127277,N127278,N127286,N127287,N127422,N127424,N127425,N127427,N127428,N127451,N127452,N12750,N12751,N127520,N127521,N127523,N127530,N127531,N127532,N127540,N127541,N127542,N127543,N127544
m_irsr2lissivpmono	dims_op_pl_eoweb1_XXXXB00000000379978318611	N125167,N125168,N125328,N125351,N125352,N125354,N125355,N12540,N12541,N12544,N125420,N125421,N125423,N125424,N125426,N125427,N125430,N125431,N125432,N125433,N125434,N125435,N125438,N125450
m_irsr2lissivpmono	dims_op_pl_eoweb1_XXXXB00000000379978318605	N125354,N125355,N125356,N125357,N125358,N125372,N125374,N125375,N125377,N125378,N12538,N125433,N125434,N125435,N125436,N125437,N125438,N125446,N125447,N12546,N125470,N125471,N125473,N125620,N125621,N125622,N125700,N125701,N125702
m_irsr2lissivpmono	dims_op_pl_eoweb1_XXXXB00000000379978318609	N124858,N124882,N124884,N124885,N124887,N124888,N125631,N125632,N125633,N125634,N125635,N125636,N125637,N125638,N125640,N125643,N125644,N125645,N125646,N125647,N125648,N125653,N125654,N125656,N125657,N12566,N12567,N125680,N125683,N128002,N128010,N128011
m_irsr2lissivpmono	dims_op_pl_eoweb1_XXXXB00000000379978318607	N125144,N125145,N125146,N125147,N125148,N125153,N125156,N125157,N125158,N125165,N125167,N125168,N12517,N12518,N125236,N125237,N125238,N125260,N125261,N125263,N125264,N125266,N125401,N125402,N125410,N125411,N125412,N125420,N125421,N125422,N125423,N125424
m_irsr2lissivpmono	dims_op_pl_eoweb1_XXXXB00000000379978318615	N125377,N125378,N125386,N125387,N125605,N125608,N12561,N12562,N125631,N125632,N125635,N125640,N125641,N125642,N125643,N125644,N125645,N125650,N125651,N125652,N125653,N125654,N125655,N125657,N125700,N125701,N125703,N125704,N125706,N125730
m_irsr2lissivpmono	dims_op_pl_eoweb1_XXXXB00000000379978318613	N122788,N122837,N122838,N122846,N122847,N122848,N122856,N12286,N12287,N122880,N122881,N122882,N122883,N122884,N122886,N122887,N125121,N125122,N125200,N125201,N125202,N125203,N125204,N125205,N125210,N125211,N125212,N125213,N125214,N125215,N125220
m_irsr2lissivpmono	dims_op_pl_eoweb1_XXXXB00000000379978318617	N122555,N122558,N122582,N200305,N200307,N200308,N200313,N200314,N200316,N200317,N200318,N200326,N200327,N200328,N20033,N20034,N200350,N200351,N200352,N200353,N200354,N200356,N200360,N200361,N200362,N200370,N200371,N200372,N200374,N200375,N200380
m_irsr2lissivpmono	dims_op_pl_eoweb1_XXXXB00000000379978318624	Q022312,Q022315,Q022317,Q022318,Q02232,Q02235,Q022341,Q022342,Q022344,Q022345,Q022400,Q022401,Q022403,Q022404,Q022405,Q022406,Q022407,Q022408,Q022413,Q022416,Q02243
m_irsr2lissivpmono	dims_op_pl_eoweb1_XXXXB00000000379978318623	N122558,N122578,N122581,N122582,N122583,N122584,N122585,N122586,N122587,N122588,N122812,N122815,N122820,N122821,N122822,N122823,N122824,N122825,N200336,N20036,N200370,N200371,N200372,N200373,N200374,N200375,N200376,N200377,N20060,N200610,N200613
m_irsr2lissivpmono	dims_op_pl_eoweb1_XXXXB00000000379978318621	N122812,N122814,N122815,N122816,N122817,N122818,N122823,N122824,N122825,N122826,N122827,N122828,N122832,N122835,N122837,N122838,N12284,N12285,N122872,N122880,N122881,N122882,N200603,N200604,N200606,N200607,N200608,N200630,N200631,N200633,N200634,N200636
m_irsr2lissivpmono	dims_op_pl_eoweb1_XXXXB00000000379978318619	N125121,N125122,N125123,N125124,N125125,N125126,N125127,N125128,N125142,N125144,N125145,N125148,N12515,N12520,N12523,N125213,N125214,N125215,N125216,N125217,N125240,N125241,N125243,N125261
m_irsr2lissivpmono	dims_op_pl_eoweb1_XXXXB00000000379978318627	N200025,N200028,N20010,N20011,N200120,N200121,N200122,N200123,N200124,N200126,N200127,N200140,N200141,N200142,N200150,Q022100,Q022101,Q022102,Q022103,Q022104,Q022105,Q022110,Q022111,Q022112,Q022113,Q022114,Q022115,Q022120,Q022121,Q022123,Q022124,Q022126
m_irsr2lissivpmono	dims_op_pl_eoweb1_XXXXB00000000379978318631	N200028,N200048,N200051,N200052,N200053,N200054,N200055,N200056,N200057,N200058,N200072,N200080,N200081,N200082,N200085,N200106,N200107,N200108,N200116,N200117,N20013,N200140,N200141,N200142,N200143,N200144,N200145,N200146,N200147,N200150,N200160,N200161,N200162,N200163,N200164,N200165,N200170,N200171,N200173
m_irsr2lissivpmono	dims_op_pl_eoweb1_XXXXB00000000379978318641	N200072,N200074,N200075,N200076,N200077,N200078,N20008,N200160,N200163,N200164,N200165,N200166,N200167,N200168,N200302,N200305,N20031,N20032,N200400,N200401,N200403,N200406
m_irsr2lissivpmono	dims_op_pl_eoweb1_XXXXB00000000379978318639	Q022054,Q022057,Q022058,Q02208,Q022136,Q022137,Q022138,Q022146,Q022147,Q02216,Q022170,Q022171,Q022172,Q022173,Q022174,Q022176,Q022177,Q022312,Q022320,Q022321,Q022322,Q022400,Q022401,Q022402,Q022403,Q022404,Q022405,Q022410,Q022411,Q022413
m_irsr2lissivpmono	dims_op_pl_eoweb1_XXXXB00000000379978318651	N150752,N150755,N150757,N150758,N150804,N150805,N150806,N150807,N150808,N150813,N150814,N150815,N150816,N150817,N150818,N150826,N150827,N15083,N15084,N150850,N150851,N150853,N150856,N150860,N150861,N150862,N150870,N150871,N150872
m_irsr2lissivpmono	dims_op_pl_eoweb1_XXXXB00000000379978318655	N150547,N150548,N150568,N15057,N15058,N150801,N150802,N150804,N150805,N150810,N150811,N150812,N150813,N150814,N150815,N150818,N15082,N151360,N151361,N151363,N151364,N151366,N151367,N151600
m_irsr2lissivpmono	dims_op_pl_eoweb1_XXXXB00000000379978318665	N153088,N153135,N153137,N153138,N153146,N153147,N153148,N153156,N15316,N15317,N153180,N153181,N153182,N153183,N153184,N153186,N153187,N153322,N153400,N153401,N153402,N153404,N153405,N153410,N153411,N153412,N153413,N153414,N153415,N153420
m_irsr2lissivpmono	dims_op_pl_eoweb1_XXXXB00000000379978318663	Q022344,Q022345,Q022346,Q022347,Q022348,Q022353,Q022354,Q022356,Q022357,Q022358,Q022368,Q02237,Q02238,Q022436,Q022437,Q022460,Q022461,Q022463,Q022464,Q022466,Q022467,Q022602,Q022610,Q022611,Q022612,Q022620,Q022621,Q022622,Q022625,Q022700,Q022703
m_irsr2lissivpmono	dims_op_pl_eoweb1_XXXXB00000000379978318657	Q022368,Q022376,Q022602,Q022605,Q022607,Q022608,Q02261,Q02262,Q022631,Q022632,Q022634,Q022635,Q022640,Q022641,Q022642,Q022643,Q022644,Q022645,Q022647,Q022648,Q022650,Q022651,Q022652,Q022653,Q022654,Q022655,Q022656,Q022657,Q022700,Q022703
m_irsr2lissivpmono	dims_op_pl_eoweb1_XXXXB00000000379978318669	N153111,N153112,N153114,N153115,N153116,N153117,N153118,N153120,N153123,N153124,N153125,N153126,N153127,N153128,N153132,N153135,N153138,N15314,N15315,N153172,N153180,N153181,N153182,N153203,N153204,N153206,N153207,N153208,N153230,N153231,N153233,N153236
m_irsr2lissivpmono	dims_op_pl_eoweb1_XXXXB00000000379978318671	Q024278,Q024286,Q024287,Q024288,Q024512,Q024515,Q024517,Q024518,Q02452,Q024541,Q024542,Q024544,Q024545,Q024550,Q024551,Q024552,Q024553,Q024554,Q024555,Q024558,Q02530,Q025310,Q025313,Q025330,Q025331,Q025332,Q025333,Q025334,Q025335,Q025336,Q025337
m_irsr2lissivpmono	dims_op_pl_eoweb1_XXXXB00000000379978318667	N150524,N150525,N150526,N150527,N150528,N150542,N150545,N150547,N150548,N15055,N150571,N150572,N150580,N150581,N150582,N151303,N151304,N151306,N151307,N151308,N151316,N151317,N15133,N151340,N151341,N151343,N151346,N151360,N151361,N151362,N151363,N151364
m_irsr2lissivpmono	dims_op_pl_eoweb1_XXXXB00000000379978318673	Q024254,Q024255,Q024256,Q024257,Q024258,Q024278,Q02428,Q024521,Q024522,Q025033,Q025034,Q025035,Q025036,Q025037,Q025038,Q025043,Q025046,Q025047,Q02506,Q025070,Q025071,Q025073,Q025074,Q025076,Q025300,Q025301,Q025302,Q025310
m_irsr2lissivpmono	dims_op_pl_eoweb1_XXXXB00000000379978318675	Q021888,Q022666,Q022667,Q024222,Q024225,Q024227,Q024228,Q024251,Q024252,Q024254,Q024255,Q02500,Q02501,Q025020,Q025023,Q025030,Q025031,Q025032,Q025033,Q025034,Q025035,Q025038,Q025040,Q025041,Q025042,Q025043,Q025044,Q025045,Q025046,Q025047
m_irsr2lissivpmono	dims_op_pl_eoweb1_XXXXB00000000379978318685	Q024544,Q024545,Q024546,Q024547,Q024548,Q024553,Q024554,Q024555,Q024556,Q024557,Q024558,Q02457,Q02458,Q024811,Q024812,Q024820,Q024821,Q024822,Q025333,Q025336,Q025337,Q025360,Q025361,Q025363,Q025364,Q025366,Q025600
m_irsr2lissivpmono	dims_op_pl_eoweb1_XXXXB00000000379978318677	Q024576,Q024577,Q024578,Q024802,Q024805,Q024808,Q02481,Q02482,Q024831,Q024832,Q024834,Q024835,Q024840,Q024841,Q024842,Q024843,Q024844,Q024845,Q024847,Q024848,Q024850,Q024851,Q024852,Q024853,Q024854,Q024855,Q024856,Q024857,Q025600,Q025603
m_irsr2lissivpmono	dims_op_pl_eoweb1_XXXXB00000000379978318683	Q021888,Q022634,Q022635,Q022636,Q022637,Q022638,Q022643,Q022644,Q022645,Q022646,Q022647,Q022648,Q022656,Q022657,Q02266,Q02267,Q022680,Q022681,Q022683,Q022684,Q022686,Q025000,Q025001,Q025002,Q025010,Q025011,Q025012,Q025020
m_irsr2lissivpmono	dims_op_pl_eoweb1_XXXXB00000000379978318678	N147126,N147127,N147128,N147145,N147148,N14715,N147171,N147172,N147180,N147181,N147182,N147183,N147184,N147185,N147206,N147207,N14723,N14726,N147240,N147241,N147243,N147244,N147246,N147270
m_irsr2lissivpmono	dims_op_pl_eoweb1_XXXXB00000000379978318681	N150757,N150758,N150778,N15078,N150836,N150837,N15086,N150870,N150871,N150873,N150874,N150876,N150877,N153112,N153115,N153120,N153121,N153122,N153123,N153124,N153125,N15320,N153210
m_irsr2lissivpmono	dims_op_pl_eoweb1_XXXXB00000000379978318687	Q024834,Q024835,Q024837,Q024838,Q024843,Q024844,Q024845,Q024846,Q024847,Q024848,Q024856,Q024857,Q02486,Q02487,Q024880,Q024881,Q024883,Q024884,Q024886,Q024887,Q027220
m_irsr2lissivpmono	dims_op_pl_eoweb1_XXXXB00000000379978318689	N147405,N147408,N147413,N147416,N147417,N147418,N147426,N147427,N147431,N147432,N147434,N147435,N14744,N14745,N147481
m_irsr2lissivpmono	dims_op_pl_eoweb1_XXXXB00000000379978318691	N147171,N147172,N147174,N147175,N147176,N147177,N147178,N147180,N147183,N147184,N147185,N147186,N147187,N147188,N147263,N147264,N147266,N147267,N147268,N147405,N147408,N14741,N14742,N147450,N147451,N147452,N147500,N147501,N147503,N147504,N147506,N147530
m_irsr2lissivpmono	dims_op_pl_eoweb1_XXXXB00000000379978318693	N144788,N144860,N144863,N144864,N144865,N144866,N144867,N144868,N144873,N144874,N144876,N144877,N144878,N144886,N147121,N147122,N147124,N147125,N147127,N147128,N14720,N14721,N147220,N147230,N147231,N147232,N147240,N147241,N147243,N147244
m_irsr2lissivpmono	dims_op_pl_eoweb1_XXXXB00000000379978318695	N144574,N144575,N144577,N144578,N144583,N144584,N144586,N144587,N144588,N144808,N14481,N14482,N144840,N144841,N144842,N144850,N144851,N144852,N144854,N144855,N145366,N145367,N145368,N145600,N145601,N145602,N145603,N145604,N145606,N145607,N145630,N145633
m_irsr2lissivpmono	dims_op_pl_eoweb1_XXXXB00000000379978318697	N144548,N14455,N14458,N144572,N144575,N145330,N145331,N145333,N145334,N145335,N145336,N145337,N145338,N145343,N145344,N145346,N145347,N14536,N145370,N145373,N145601,N145602
m_irsr2lissivpmono	dims_op_pl_eoweb1_XXXXB00000000379978318699	N144808,N144816,N144817,N144832,N144834,N144835,N144837,N144838,N14484,N14487,N144850,N144851,N144853,N144854,N144855,N144856,N144857,N144858,N144860,N144861,N144862,N144863,N144864,N144865,N144880,N144881,N144882,N144883,N144884,N144886
m_irsr2lissivpmono	dims_op_pl_eoweb1_XXXXB00000000379978318701	N144522,N144525,N144527,N144528,N144551,N144552,N145063,N145064,N145066,N145067,N145068,N145076,N145077,N145078,N14530,N14531,N145320,N145323,N145326,N145330,N145331,N145332,N145334,N145335,N145340,N145341,N145342,N145343,N145344
m_irsr2lissivpmono	dims_op_pl_eoweb1_XXXXB00000000379978318703	N142412,N142414,N142415,N142417,N142418,N14242,N14245,N142440,N142441,N142442,N142443,N142444,N142445,N142448,N142500,N142503,N142504,N142505,N142506,N142507,N142508,N142513,N142530,N142531,N142532,N142533,N142534,N142536,N142537,N142560
m_irsr2lissivpmono	dims_op_pl_eoweb1_XXXXB00000000379978318705	N142678,N142686,N142687,N142688,N145011,N145012,N145013,N145014,N145015,N145016,N145017,N145018,N14502,N145040,N145041,N145042,N145044,N145045,N145050,N145051,N145052,N145053,N145054,N145055,N145058,N145100,N145101,N145102,N145103,N145104,N145105,N145106,N145107,N145130,N145131,N145133,N145136
m_irsr2lissivpmono	dims_op_pl_eoweb1_XXXXB00000000379978318711	N142651,N142654,N142655,N142656,N142657,N142658,N142675,N142678,N14268,N142733,N142734,N142735,N142736,N142737,N142738,N142743,N142746,N142747,N14276,N142770,N142771,N142773,N142774,N142776,N145021,N145022,N145100,N145101,N145102,N145110
m_irsr2lissivpmono	dims_op_pl_eoweb1_XXXXB00000000379978318709	N145032,N145035,N145037,N145038,N145040,N145041,N145043,N145044,N145045,N145046,N145047,N145048,N145053,N145054,N145055,N145056,N145057,N145058,N145061,N145062,N145063,N145064,N145065,N145066,N145067,N145068,N14507,N145080,N145081,N145082,N145083,N145084,N145085,N145086,N145087,N145136,N145311,N145312,N145320,N145321
m_irsr2lissivpmono	dims_op_pl_eoweb1_XXXXB00000000379978318707	N142467,N142468,N142625,N142628,N142651,N142652,N142654,N142655,N14270,N14271,N14274,N142720,N142723,N142724,N142726,N142730,N142731,N142732,N142733,N142734,N142735,N142738,N142750
m_irsr2lissivpmono	dims_op_pl_eoweb1_XXXXB00000000379978318713	N142155,N142157,N142158,N142181,N142182,N142183,N142184,N142185,N142186,N142187,N142188,N142233,N142236,N142237,N142238,N142246,N142247,N14226,N142270,N142271,N142272,N142273,N142274,N142275,N142276,N142277,N142412,N142420,N142421,N142422,N142425,N142500,N142501,N142502,N142503,N142504,N142505,N142510,N142511,N142513
m_irsr2lissivpmono	dims_op_pl_eoweb1_XXXXB00000000379978318716	N142152,N142155,N142158,N142201,N142202,N142204,N142205,N142206,N142207,N142208,N142210,N142213,N142214,N142215,N142216,N142217,N142218,N142223,N142224,N142225,N142226,N142227,N142228,N14223,N14224,N142250,N142251,N142253,N142256,N142270,N142271,N142272
m_irsr2lissivpmono	dims_op_pl_eoweb1_XXXXB00000000379978318715	N142438,N142443,N142444,N142445,N142446,N142447,N142448,N142453,N142456,N142457,N142458,N142462,N142464,N142465,N142467,N142468,N14247,N14248,N142536,N142560,N142563,N142701,N142702,N142710,N142711,N142712,N142715,N142720,N142721,N142722,N142723,N142724
m_irsr2lissivpmono	dims_op_pl_eoweb1_XXXXB00000000379978318719	N118582,N118584,N118585,N118587,N118588,N118820,N118821,N118822,N118823,N118824,N118825,N126336,N126337,N12636,N12637,N126383,N126600,N126601,N126602,N126603,N126604,N126605,N126607,N126608,N126610,N126611,N126612,N126613,N126614,N126616,N126617
m_irsr2lissivpmono	dims_op_pl_eoweb1_XXXXB00000000379978318721	N118846,N118847,N118848,N118856,N118857,N118865,N118868,N11887,N11888,N126660,N126661,N126663,N126664,N126666,N142201,N142202,N142205,N142210,N142211,N142212,N142213,N142214,N142215,N142220,N142221,N142222,N142223,N142224,N142225,N142227,N142228,N150000
m_irsr2lissivpmono	dims_op_pl_eoweb1_XXXXB00000000379978318727	N126071,N126072,N126074,N126075,N126076,N126077,N126078,N12608,N126163,N126164,N126165,N126166,N126167,N126168,N126305,N126310,N126311,N126312,N126313,N126314,N126315,N126317,N126318,N12632,N126400,N126401,N126403,N126404,N126406
m_irsr2lissivpmono	dims_op_pl_eoweb1_XXXXB00000000379978318725	N126024,N126027,N126028,N126045,N126048,N12605,N126072,N126080,N126081,N126082,N126084,N126085,N126106,N126107,N126108,N126116,N12613,N126140,N126141,N126143,N126144,N126146,N126160,N126161,N126162,N126163,N126164,N126165,N126170
m_irsr2lissivpmono	dims_op_pl_eoweb1_XXXXB00000000379978318723	N118818,N118823,N118824,N118825,N118826,N118827,N118828,N118842,N118844,N118845,N118847,N118848,N11885,N118880,N118881,N118882,N126603,N126604,N126605,N126606,N126607,N126608,N126616,N12663,N126640,N126643,N126660,N126661
m_irsr2lissivpmono	dims_op_pl_eoweb1_XXXXB00000000379978318729	N123688,N123761,N123762,N123763,N123764,N123765,N123766,N123767,N123768,N123773,N123774,N123775,N123776,N123777,N123778,N123783,N123784,N123786,N123787,N126022,N126024,N126025,N126027,N126028,N12610,N12611,N126120,N126123,N126132,N126140,N126141,N126142
m_irsr2lissivpmono	dims_op_pl_eoweb1_XXXXB00000000379978318731	N123716,N123717,N123718,N123726,N123732,N123735,N123737,N123738,N12374,N12375,N123761,N123762,N123764,N123765,N123770,N123771,N123772,N123773,N123774,N123775,N123780,N123781,N123782,N123783,N123784,N123785,N123786,N123787,N123830,N123831,N123833,N123836
m_irsr2lissivpmono	dims_op_pl_eoweb1_XXXXB00000000379978318733	N123265,N123267,N123268,N123273,N123276,N123277,N123278,N123286,N123287,N123288,N123428,N123452,N123501,N123502,N123503,N123504,N123505,N123506,N123507,N123508,N12351,N123520,N123521,N123522,N123523,N123524,N123525,N123526,N123527,N123530,N123531,N123532,N123540,N123541,N123542,N123544,N123545,N123550,N123553
m_irsr2lissivpmono	dims_op_pl_eoweb1_XXXXB00000000379978318737	N123428,N123452,N123454,N123455,N123457,N123458,N123480,N123481,N123482,N123483,N123484,N123485,N12353,N12356,N123540,N123541,N123543,N123544,N123545,N123546,N123547,N123548,N123553,N123570,N123571,N123572,N123573,N123574,N123576
m_irsr2lissivpmono	dims_op_pl_eoweb1_XXXXB00000000379978318735	N123475,N123478,N123483,N123484,N123485,N123486,N123487,N123488,N123563,N123564,N123566,N123567,N123568,N123576,N123711,N123712,N123714,N123715,N123716,N123717,N123718,N12372,N123742,N123750,N123751,N123752,N12380,N123810,N123830,N123831
m_irsr2lissivpmono	dims_op_pl_eoweb1_XXXXB00000000379978318739	N123241,N123242,N123244,N123245,N123246,N123247,N123248,N123250,N123251,N123253,N123254,N123255,N123256,N123257,N123258,N123262,N123265,N123268,N12327,N12328,N123521,N123522,N124033,N124034,N124035,N124036,N124037,N124038,N124060,N124061,N124063,N124066
m_irsr2lissivpmono	dims_op_pl_eoweb1_XXXXB00000000379978318741	N126305,N126307,N126308,N126313,N126314,N126315,N126316,N126317,N126318,N126326,N126327,N126328,N126331,N126332,N126333,N126334,N126335,N126336,N126337,N126338,N12634,N126350,N126351,N126352,N126353,N126354,N126355,N126356,N126357,N126360,N126361,N126362,N126370,N126371,N126372,N126375,N126380,N126381,N126383
m_irsr2lissivpmono	dims_op_pl_eoweb1_XXXXB00000000379978318743	N120887,N120888,N121666,N121667,N121668,N123218,N12322,N123241,N123242,N123250,N123251,N123252,N123253,N123254,N123255,N12400,N124010,N124011,N124013,N124014,N124016,N124017,N124030,N124031,N124032,N124033,N124034,N124035,N124040
m_irsr2lissivpmono	dims_op_pl_eoweb1_XXXXB00000000379978318745	N121348,N121353,N121354,N121355,N121356,N121357,N121358,N121372,N121374,N121375,N121376,N121377,N121378,N12138,N121436,N121437,N121438,N121446,N12146,N121470,N121473,N121610,N121611,N121612,N121620,N121621,N121622,N121625,N121700,N121701,N121703,N121704
m_irsr2lissivpmono	dims_op_pl_eoweb1_XXXXB00000000379978318747	N120882,N120884,N120885,N120887,N120888,N121633,N121634,N121635,N121636,N121637,N121638,N121643,N121644,N121645,N121646,N121647,N121648,N121653,N121656,N121657,N12166,N12167,N121680,N121681,N121683,N124001,N124002,N124010,N124011,N124012
m_irsr2lissivpmono	dims_op_pl_eoweb1_XXXXB00000000379978318750	N121322,N121325,N121327,N121328,N121350,N121351,N121352,N121353,N121354,N121355,N121357,N121358,N12140,N12143,N121410,N121413,N121414,N121415,N121416,N121417,N121418,N121423,N121426,N121440,N121441,N121442,N121443,N121444,N121445,N121446,N121447,N121470
m_irsr2lissivpmono	dims_op_pl_eoweb1_XXXXB00000000379978318749	N121376,N121377,N121605,N121607,N121608,N12161,N12162,N121631,N121632,N121634,N121635,N121640,N121641,N121642,N121643,N121644,N121645,N121648,N121650,N121651,N121652,N121653,N121654,N121655,N121656,N121657,N121700,N121703,N121704,N121706,N121730
m_irsr2lissivpmono	dims_op_pl_eoweb1_XXXXB00000000379978318753	N121114,N121115,N121117,N121118,N121123,N121124,N121125,N121126,N121127,N121128,N121135,N121138,N12114,N12115,N121172,N121180,N121181,N121182,N121203,N121204,N121206,N121207,N121208,N121230,N121231,N121232,N121233,N121234,N121236,N121237,N121260
m_irsr2lissivpmono	dims_op_pl_eoweb1_XXXXB00000000379978318754	N121112,N121115,N121120,N121121,N121122,N121123,N121124,N121125,N12120,N121210,N121211,N121213,N121216,Q101011,Q101012,Q101013,Q101014,Q101015,Q101017,Q101018,Q10102,Q101100,Q101101,Q101102,Q101103,Q101104,Q101105,Q101106,Q101107,Q101131
m_irsr2lissivpmono	dims_op_pl_eoweb1_XXXXB00000000379978318757	N121138,N121146,N121147,N121148,N121156,N121161,N121162,N121164,N121165,N121166,N121167,N121168,N12117,N12118,N121260,N121400,N121401,N121402,N121404,N121405,N121410,N121411,N121412,N121413,N121414,N121415,N121420,N121421,N121423
m_irsr2lissivpmono	dims_op_pl_eoweb1_XXXXB00000000379978318758	Q101013,Q101014,Q101015,Q101016,Q101017,Q101018,Q101026,Q101027,Q101028,Q101035,Q101038,Q10104,Q10105,Q101062,Q101070,Q101071,Q101072,Q101080,Q101081,Q101082,Q101083,Q101084,Q101085,Q101106,Q101107,Q101130,Q101131,Q101133,Q101134,Q101136,Q101160
m_irsr2lissivpmono	dims_op_pl_eoweb1_XXXXB00000000379978318761	Q101038,Q101061,Q101062,Q101064,Q101065,Q101067,Q101068,Q10107,Q10108,Q101300,Q101301,Q101302,Q101303,Q101304,Q101305,Q10131,Q101320,Q101321,Q101322,Q101323,Q101324,Q101326,Q101327
m_irsr2lissivpmono	dims_op_pl_eoweb1_XXXXB00000000379978318763	Q100557,Q100558,Q100581,Q100582,Q100584,Q100585,Q100586,Q100587,Q100588,Q100820,Q100821,Q100822,Q100823,Q100824,Q100825,Q101336,Q101337,Q10136,Q10137,Q101600,Q101601,Q101602,Q101603,Q101604,Q101605,Q101608,Q101610,Q101611,Q101613,Q101614,Q101616
m_irsr2lissivpmono	dims_op_pl_eoweb1_XXXXB00000000379978318765	Q100818,Q100820,Q100821,Q100823,Q100824,Q100825,Q100826,Q100827,Q100828,Q100842,Q100845,Q100847,Q100848,Q10085,Q100881,Q100882,Q101603,Q101604,Q101605,Q101606,Q101607,Q101608,Q101613,Q101616,Q10163,Q101640,Q101643,Q101660,Q101661,Q101662
m_irsr2lissivpmono	dims_op_pl_eoweb1_XXXXB00000000379978318769	Q100847,Q100848,Q100856,Q100857,Q100858,Q100871,Q100872,Q100874,Q100875,Q100876,Q100877,Q100878,Q10088,Q101636,Q101660,Q101661,Q101662,Q101663,Q101664,Q101665,Q101666,Q101667,Q103210,Q103211,Q103212,Q103214,Q103215,Q103220,Q103221,Q103222,Q103223,Q103224,Q103225,Q104000,Q104001,Q104003,Q104004,Q104006
m_irsr2lissivpmono	dims_op_pl_eoweb1_XXXXB00000000379978318767	Q100552,Q100555,Q100558,Q101303,Q101304,Q101305,Q101306,Q101307,Q101308,Q101313,Q101314,Q101316,Q101317,Q101318,Q101326,Q101327,Q10133,Q10134,Q101350,Q101351,Q101353,Q101356,Q101360,Q101361,Q101362,Q101370,Q101371,Q101372
m_irsr2lissivpmono	dims_op_pl_eoweb1_XXXXB00000000379978318771	Q103237,Q103238,Q103246,Q103247,Q103248,Q103256,Q103261,Q103262,Q103264,Q103265,Q103266,Q103267,Q103268,Q10327,Q103280,Q103281,Q103282,Q103283,Q103284,Q103286,Q103287,Q103500,Q103501,Q103502,Q103504,Q103505,Q103510,Q103511,Q103512,Q103513,Q103514,Q103515,Q103520,Q103521,Q103523,Q103526
m_irsr2lissivpmono	dims_op_pl_eoweb1_XXXXB00000000379978318774	Q103457,Q103458,Q103481,Q103482,Q103484,Q103485,Q103486,Q103487,Q103488,Q103536,Q103537,Q103538,Q103546,Q10356,Q103570,Q103571,Q103572,Q103573,Q103574,Q103576,Q103577,Q103720,Q103721,Q103722,Q103724,Q103725,Q103800,Q103801,Q103802,Q103803,Q103804,Q103805,Q103810,Q103811,Q103813,Q103816
m_irsr2lissivpmono	dims_op_pl_eoweb1_XXXXB00000000379978318777	Q103208,Q10321,Q10324,Q10325,Q103223,Q103224,Q103225,Q103226,Q103227,Q103228,Q103232,Q103235,Q103237,Q103238,Q103272,Q103280,Q103281,Q103282,Q104003,Q104006,Q104030,Q104033
m_irsr2lissivpmono	dims_op_pl_eoweb1_XXXXB00000000379978318773	Q103428,Q103452,Q103455,Q103457,Q103458,Q10350,Q10353,Q10354,Q103513,Q103514,Q103515,Q103516,Q103517,Q103518,Q103523,Q103526,Q103550,Q103562,Q103570,Q103571,Q103572
m_irsr2lissivpmono	dims_op_pl_eoweb1_XXXXB00000000379978318779	Q103718,Q103720,Q103721,Q103723,Q103724,Q103725,Q103726,Q103727,Q103728,Q103742,Q103745,Q103748,Q10375,Q103781,Q103782,Q103803,Q103804,Q103805,Q103806,Q103807,Q103808,Q103813,Q103816,Q10383,Q103840,Q103860,Q103861,Q103862
m_irsr2lissivpmono	dims_op_pl_eoweb1_XXXXB00000000379978318781	Q106110,Q106113,Q106114,Q106115,Q106116,Q106117,Q106118,Q106123,Q106124,Q106125,Q106126,Q106127,Q106128,Q106132,Q106135,Q106138,Q10614,Q10615,Q106170,Q106171,Q106172,Q106180,Q106181,Q106182,Q106185,Q106206,Q106230,Q106233
m_irsr2lissivpmono	dims_op_pl_eoweb1_XXXXB00000000379978318785	Q106138,Q106146,Q106147,Q106161,Q106162,Q106164,Q106165,Q106167,Q106168,Q10617,Q106180,Q106181,Q106182,Q106183,Q106184,Q106185,Q106186,Q106187,Q106400,Q106401,Q106402,Q106403,Q106404,Q106405,Q10641,Q106420,Q106421,Q106423,Q106424,Q106426
m_irsr2lissivpmono	dims_op_pl_eoweb1_XXXXB00000000379978318783	Q103747,Q103748,Q103756,Q103757,Q103758,Q103771,Q103772,Q103774,Q103775,Q103776,Q103777,Q103778,Q10378,Q103860,Q103861,Q103862,Q103863,Q103864,Q103866,Q103867,Q106110,Q106111,Q106112,Q106113,Q106114,Q106115,Q106120,Q106121,Q106122,Q106123,Q106124,Q106125,Q106127,Q106128,Q106200,Q106201,Q106203,Q106204,Q106206
m_irsr2lissivpmono	dims_op_pl_eoweb1_XXXXB00000000379978318787	Q106355,Q106358,Q106403,Q106404,Q106405,Q106406,Q106407,Q106408,Q106413,Q106414,Q106416,Q106417,Q106418,Q106426,Q10643,Q10644,Q106450,Q106453,Q106456,Q106470,Q106471,Q106472
